-- phpMyAdmin SQL Dump
-- version 5.1.1
-- https://www.phpmyadmin.net/
--
-- Host: 127.0.0.1:3306
-- Generation Time: Feb 17, 2024 at 05:06 PM
-- Server version: 10.11.6-MariaDB-cll-lve
-- PHP Version: 7.2.34

SET SQL_MODE = "NO_AUTO_VALUE_ON_ZERO";
START TRANSACTION;
SET time_zone = "+00:00";


/*!40101 SET @OLD_CHARACTER_SET_CLIENT=@@CHARACTER_SET_CLIENT */;
/*!40101 SET @OLD_CHARACTER_SET_RESULTS=@@CHARACTER_SET_RESULTS */;
/*!40101 SET @OLD_COLLATION_CONNECTION=@@COLLATION_CONNECTION */;
/*!40101 SET NAMES utf8mb4 */;

--
-- Database: `u396130650_train_track`
--

-- --------------------------------------------------------

--
-- Table structure for table `coaches`
--

CREATE TABLE `coaches` (
  `id` bigint(20) UNSIGNED NOT NULL,
  `gym` varchar(255) NOT NULL,
  `speciality` varchar(255) NOT NULL,
  `certificates` text NOT NULL,
  `user_id` bigint(20) UNSIGNED NOT NULL,
  `created_at` timestamp NULL DEFAULT NULL,
  `updated_at` timestamp NULL DEFAULT NULL
) ENGINE=InnoDB DEFAULT CHARSET=utf8mb4 COLLATE=utf8mb4_unicode_ci;

--
-- Dumping data for table `coaches`
--

INSERT INTO `coaches` (`id`, `gym`, `speciality`, `certificates`, `user_id`, `created_at`, `updated_at`) VALUES
(1, 'Hit', 'Crossfit', 'Special trainer', 11, '2024-02-06 15:24:06', '2024-02-06 15:24:06'),
(2, 'Hit', 'Crossfit', 'Special trainer', 1, '2024-02-06 15:24:06', '2024-02-06 15:24:06'),
(3, 'Hit', 'Crossfit', 'Special trainer', 12, '2024-02-06 15:24:06', '2024-02-06 15:24:06'),
(4, 'Hit', 'Crossfit', 'Special trainer', 14, '2024-02-06 15:24:06', '2024-02-06 15:24:06');

-- --------------------------------------------------------

--
-- Table structure for table `coach_clients`
--

CREATE TABLE `coach_clients` (
  `id` int(11) NOT NULL,
  `coach_id` bigint(10) UNSIGNED NOT NULL,
  `client_id` bigint(10) UNSIGNED NOT NULL,
  `status` enum('0','1','2') NOT NULL DEFAULT '0',
  `created_at` timestamp NULL DEFAULT NULL,
  `updated_at` timestamp NULL DEFAULT NULL
) ENGINE=InnoDB DEFAULT CHARSET=utf8mb3 COLLATE=utf8mb3_general_ci;

--
-- Dumping data for table `coach_clients`
--

INSERT INTO `coach_clients` (`id`, `coach_id`, `client_id`, `status`, `created_at`, `updated_at`) VALUES
(5, 12, 13, '1', '2024-01-26 02:25:13', '2024-01-26 02:25:13'),
(6, 14, 15, '1', '2024-01-30 08:05:56', '2024-01-30 08:05:56'),
(7, 14, 16, '1', '2024-01-30 08:07:17', '2024-01-30 08:07:17'),
(8, 14, 17, '1', '2024-01-30 08:08:53', '2024-01-30 08:08:53'),
(9, 14, 18, '1', '2024-01-30 08:10:42', '2024-01-30 08:10:42'),
(10, 14, 19, '1', '2024-01-30 08:12:50', '2024-01-30 08:12:50'),
(11, 14, 20, '1', '2024-01-30 08:13:16', '2024-01-30 08:13:16'),
(12, 14, 21, '1', '2024-01-30 08:13:58', '2024-01-30 08:13:58');

-- --------------------------------------------------------

--
-- Table structure for table `exercise_logs`
--

CREATE TABLE `exercise_logs` (
  `id` bigint(20) UNSIGNED NOT NULL,
  `sets` int(11) NOT NULL,
  `details` text DEFAULT NULL,
  `oto_exercise_id` bigint(20) UNSIGNED NOT NULL,
  `created_at` timestamp NULL DEFAULT NULL,
  `updated_at` timestamp NULL DEFAULT NULL,
  `client_id` bigint(20) UNSIGNED NOT NULL
) ENGINE=InnoDB DEFAULT CHARSET=utf8mb4 COLLATE=utf8mb4_unicode_ci;

--
-- Dumping data for table `exercise_logs`
--

INSERT INTO `exercise_logs` (`id`, `sets`, `details`, `oto_exercise_id`, `created_at`, `updated_at`, `client_id`) VALUES
(1, 4, 'Hard exercise', 27, '2024-02-13 17:21:32', '2024-02-13 17:21:32', 15);

-- --------------------------------------------------------

--
-- Table structure for table `failed_jobs`
--

CREATE TABLE `failed_jobs` (
  `id` bigint(20) UNSIGNED NOT NULL,
  `uuid` varchar(255) NOT NULL,
  `connection` text NOT NULL,
  `queue` text NOT NULL,
  `payload` longtext NOT NULL,
  `exception` longtext NOT NULL,
  `failed_at` timestamp NOT NULL DEFAULT current_timestamp()
) ENGINE=InnoDB DEFAULT CHARSET=utf8mb4 COLLATE=utf8mb4_unicode_ci;

-- --------------------------------------------------------

--
-- Table structure for table `migrations`
--

CREATE TABLE `migrations` (
  `id` int(10) UNSIGNED NOT NULL,
  `migration` varchar(255) NOT NULL,
  `batch` int(11) NOT NULL
) ENGINE=InnoDB DEFAULT CHARSET=utf8mb4 COLLATE=utf8mb4_unicode_ci;

--
-- Dumping data for table `migrations`
--

INSERT INTO `migrations` (`id`, `migration`, `batch`) VALUES
(1, '2014_10_12_000000_create_users_table', 1),
(2, '2014_10_12_100000_create_password_reset_tokens_table', 1),
(3, '2016_06_01_000001_create_oauth_auth_codes_table', 1),
(4, '2016_06_01_000002_create_oauth_access_tokens_table', 1),
(5, '2016_06_01_000003_create_oauth_refresh_tokens_table', 1),
(6, '2016_06_01_000004_create_oauth_clients_table', 1),
(7, '2016_06_01_000005_create_oauth_personal_access_clients_table', 1),
(8, '2019_08_19_000000_create_failed_jobs_table', 1),
(9, '2019_12_14_000001_create_personal_access_tokens_table', 1),
(10, '2023_12_27_172436_create_program_types_table', 2),
(11, '2023_12_27_175534_create_programs_table', 2),
(12, '2023_12_30_194611_create_program_exerices_table', 3),
(13, '2024_01_09_173906_create_one_to_one_program_exercises_table', 4);

-- --------------------------------------------------------

--
-- Table structure for table `oauth_access_tokens`
--

CREATE TABLE `oauth_access_tokens` (
  `id` varchar(100) NOT NULL,
  `user_id` bigint(20) UNSIGNED DEFAULT NULL,
  `client_id` bigint(20) UNSIGNED NOT NULL,
  `name` varchar(255) DEFAULT NULL,
  `scopes` text DEFAULT NULL,
  `revoked` tinyint(1) NOT NULL,
  `created_at` timestamp NULL DEFAULT NULL,
  `updated_at` timestamp NULL DEFAULT NULL,
  `expires_at` datetime DEFAULT NULL
) ENGINE=InnoDB DEFAULT CHARSET=utf8mb4 COLLATE=utf8mb4_unicode_ci;

--
-- Dumping data for table `oauth_access_tokens`
--

INSERT INTO `oauth_access_tokens` (`id`, `user_id`, `client_id`, `name`, `scopes`, `revoked`, `created_at`, `updated_at`, `expires_at`) VALUES
('00a941e4b1880c87efc9c8bd4a8eb56d56002c7d1bc50045bc1022c77a344d40c9c483f32a94f602', 12, 3, 'appToken', '[]', 0, '2024-01-30 08:51:07', '2024-01-30 08:51:07', '2025-01-30 08:51:07'),
('01fbcefce32b19def7a3075ff70c6b70d1299c19eb64e7b756d8594152f6eec0609b269467750fb1', 12, 3, 'appToken', '[]', 0, '2024-02-03 00:37:08', '2024-02-03 00:37:08', '2025-02-03 00:37:08'),
('025fe2918159e8715dfbbe2c1cc2d6729e4cdedc0f1201420c0ab44d77577e96723abc53d1be12b9', 14, 3, 'appToken', '[]', 0, '2024-02-03 15:54:46', '2024-02-03 15:54:46', '2025-02-03 15:54:46'),
('02c6eab38340608d005bf59611a8d4c627b53c376cccd4360ca478427ab9db2019801f0a56a95613', 1, 3, 'appToken', '[]', 0, '2024-01-26 17:51:27', '2024-01-26 17:51:27', '2025-01-26 17:51:27'),
('03155482bb8c91f291f61e8a2ef36a48c879cf0a61cabdb07108ccb0e2c94188771aea73cdd8023c', 1, 3, 'appToken', '[]', 0, '2024-01-26 14:30:04', '2024-01-26 14:30:04', '2025-01-26 14:30:04'),
('038ee14cd6fcc73789aca1722ecebd2b360e01834952ca3ccc3a054358ccc81f4d73be0899e9d94e', 12, 3, 'appToken', '[]', 0, '2024-02-03 01:13:06', '2024-02-03 01:13:06', '2025-02-03 01:13:06'),
('03e7dd49965ac5b1b71f65372b20657a15b8296c9c6f667cd38c09826147dda80e87e5596dfad7ff', 15, 3, 'appToken', '[]', 0, '2024-02-15 22:29:28', '2024-02-15 22:29:28', '2025-02-15 22:29:28'),
('03f89793f3f306b247078960e072ee6748dacf7e3796f7741bd9b6e9f9636cce7171c4a6fa384bcb', 14, 3, 'appToken', '[]', 0, '2024-02-10 17:25:11', '2024-02-10 17:25:11', '2025-02-10 17:25:11'),
('04b3af8236c05a59f579b9c7a7ee11bc9163dd3dfe2af4fa8283c4ae5206de02a4cb7c3615559d3b', 12, 3, 'appToken', '[]', 0, '2024-02-02 20:33:17', '2024-02-02 20:33:17', '2025-02-02 20:33:17'),
('04c5143501a2306c39e2359a867cd31c22efb455ff2e464a4c5ee6ae30d75adaa944eee2e46b2508', 14, 3, 'appToken', '[]', 0, '2024-02-12 17:42:31', '2024-02-12 17:42:32', '2025-02-12 17:42:31'),
('0526e30e6298a4fa77aeeea0d61203298396c46231dec8fe21f437921b417326e04aebac31887a2b', 12, 3, 'appToken', '[]', 0, '2024-01-29 14:46:47', '2024-01-29 14:46:47', '2025-01-29 14:46:47'),
('05e22bb5bbca6b59854ad43d466d9a2ea99324f1aefa75bb212c445db79e4bc3b1b9094a46d50fee', 12, 3, 'appToken', '[]', 0, '2024-02-02 17:06:41', '2024-02-02 17:06:41', '2025-02-02 17:06:41'),
('069d30e55cbb0bd4839525c0fddf81a377fc6c8a7053d6bdf945ef94e3d51a18eca628acdaf77ec6', 12, 3, 'appToken', '[]', 0, '2024-01-31 23:03:11', '2024-01-31 23:03:11', '2025-01-31 23:03:11'),
('0714dd86eac0b2869eab991aad066d1a8da6ba35c6c6200d36cd4fcfccf3325f5eebc62a8becdd56', 14, 3, 'appToken', '[]', 0, '2024-02-03 02:21:14', '2024-02-03 02:21:14', '2025-02-03 02:21:14'),
('07821b5d1938da1759cb51f3babd1692e98a3fef315414ba7a99159c49838b09bf9588dd539c04ab', 14, 3, 'appToken', '[]', 0, '2024-02-10 16:57:01', '2024-02-10 16:57:01', '2025-02-10 16:57:01'),
('08994a76258dcd67f44790cebd016335b5d412ecc07bb58b8be9efb4f364c28b6366defa0a26e227', 14, 3, 'appToken', '[]', 0, '2024-02-10 17:22:50', '2024-02-10 17:22:50', '2025-02-10 17:22:50'),
('0add49b02053fb6c054d446ae7c4eed056638aa602bb13ca421fa26bcdcd6c125b69c54517160e6f', 12, 3, 'appToken', '[]', 0, '2024-01-31 20:58:05', '2024-01-31 20:58:05', '2025-01-31 20:58:05'),
('0b7f8750ea513cc5ed4bc3b2e7eaf5c9b3d81780d875f82dd85af97dd4694df843e3ca620386b191', 14, 3, 'appToken', '[]', 0, '2024-01-30 15:36:32', '2024-01-30 15:36:32', '2025-01-30 15:36:32'),
('0d349360a7612da8f00407ccaf92e1f4600fceea82552e5dafc61429d1bed945fe0ce0acd5db94a6', 12, 3, 'appToken', '[]', 0, '2024-02-01 22:01:45', '2024-02-01 22:01:45', '2025-02-01 22:01:45'),
('10d19e15b12597346ac8d00000ca93f953b8af5773c9204c8661e3927363722c4950dcad0cf28306', 12, 3, 'appToken', '[]', 0, '2024-02-02 15:02:05', '2024-02-02 15:02:05', '2025-02-02 15:02:05'),
('122099d2d6c2e4a11470d739ba5b0e99b58c659e251029893523ab6d5d2ce8c3b34abe31a74a93fc', 12, 3, 'appToken', '[]', 0, '2024-01-31 22:55:16', '2024-01-31 22:55:16', '2025-01-31 22:55:16'),
('123e755e199d59dc9d79b8d01eccdf78f674a924ee111f2f22bdf2ebb3aea13a2475e26a8d6c6386', 12, 3, 'appToken', '[]', 0, '2024-01-30 11:38:17', '2024-01-30 11:38:17', '2025-01-30 11:38:17'),
('13e190ad8c177423afde157d2368e32800b64f1bcede076a3a95350043ed58f5c08fe80f5f585c0d', 12, 3, 'appToken', '[]', 0, '2024-02-03 00:18:29', '2024-02-03 00:18:29', '2025-02-03 00:18:29'),
('155f08d0d1c79b62db3297be0581ad6d2bdcb8153bb2d6f243bef08d9c022c5bd69bcfb25765157a', 1, 3, 'appToken', '[]', 0, '2024-01-26 20:04:28', '2024-01-26 20:04:28', '2025-01-26 20:04:28'),
('15ec6ad62101561d5cf363c1d6c88b080ae1dc1e7ed760bea20567b6fb26c7266d905b082edbecb7', 12, 3, 'appToken', '[]', 0, '2024-01-27 19:53:33', '2024-01-27 19:53:33', '2025-01-27 19:53:33'),
('1751a0801ee886b7bf523968ce300a29c69ef580c23cbca0e5dd3b5d168a6124b138d4994b611c12', 12, 3, 'appToken', '[]', 0, '2024-02-02 15:30:45', '2024-02-02 15:30:45', '2025-02-02 15:30:45'),
('183c37967400ae415952ff6b7c0b19698d050d5ef767337c3cbdef322a1a0d5bed2bedef5fbb42fd', 1, 3, 'appToken', '[]', 0, '2023-12-27 14:55:09', '2023-12-27 14:55:09', '2024-12-27 16:55:09'),
('1892177c539f929e05a478ec13325996d49b2c9f6c393aaf78f89a31aac03d214efe9913591fe5d9', 11, 3, 'appToken', '[]', 0, '2024-01-26 02:05:48', '2024-01-26 02:05:48', '2025-01-26 02:05:48'),
('19502aca31ae0617c6ca362f256e163e61d34b934b643036abda68def221b28047f932a8e7f38bde', 14, 3, 'appToken', '[]', 0, '2024-02-13 08:39:33', '2024-02-13 08:39:34', '2025-02-13 08:39:33'),
('198676e5e30f5446fddecd0f46945ee7ce7a6836556005d61c0b58ff2fff15ab41d0b82092d3a714', 12, 3, 'appToken', '[]', 0, '2024-02-02 16:46:04', '2024-02-02 16:46:04', '2025-02-02 16:46:04'),
('19c259d5f497d984401706b28f29a395119d1d474abc65ec754bd774a51b3415b34ebc97e2082e00', 1, 3, 'appToken', '[]', 0, '2024-01-26 12:34:59', '2024-01-26 12:34:59', '2025-01-26 12:34:59'),
('1b4cd3988c41210948cdd5e67b37019f6a091387e0bec1ac52f094fbf0cabb104ad015838f575f8f', 14, 3, 'appToken', '[]', 0, '2024-01-30 08:04:07', '2024-01-30 08:04:07', '2025-01-30 08:04:07'),
('1b5c63a3808904d959550658cf7b403ca2e600d0afe383cf32767e8260da9772a54b5ee41fc59ade', 12, 3, 'appToken', '[]', 0, '2024-02-02 16:55:08', '2024-02-02 16:55:08', '2025-02-02 16:55:08'),
('1ba8a7de30912dff7e02caceb8b942b4ffae38b4f2dacc137205f9c61ff3ecc9e8259ef85099238c', 12, 3, 'appToken', '[]', 0, '2024-01-30 02:09:05', '2024-01-30 02:09:06', '2025-01-30 02:09:05'),
('1cd9f4a43d7058e315f95b63cfd6c51f1cddca121f10b3d4e95fcb95605081b8dadaa9c4342c15c5', 14, 3, 'appToken', '[]', 0, '2024-01-30 13:22:39', '2024-01-30 13:22:39', '2025-01-30 13:22:39'),
('1d5c1a8068b9ed8d17ed2f68f40812c2e341de2c92cb18cb1cc661e14e4d83a0f2c2ff193f52fd4f', 13, 3, 'appToken', '[]', 0, '2024-02-12 18:53:49', '2024-02-12 18:53:49', '2025-02-12 18:53:49'),
('1dfae6bbb34140b81a2c5f43e6822ab7c25674f36c39ac5417bd269b01a2019b4ef0842577ce9fe7', 12, 3, 'appToken', '[]', 0, '2024-01-31 22:53:24', '2024-01-31 22:53:24', '2025-01-31 22:53:24'),
('1e350fb1c0dc36f8036b03db6e6c7629002a679439b66393592d5b5b95e1e2c730398f52846ba0ec', 12, 3, 'appToken', '[]', 0, '2024-01-27 21:46:22', '2024-01-27 21:46:22', '2025-01-27 21:46:22'),
('1eb1a32f3046c8b9159586781f34d22f106dfda579877acfdad3a4a28149e3ff3e94f63bb103a39d', 14, 3, 'appToken', '[]', 0, '2024-02-04 12:03:52', '2024-02-04 12:03:52', '2025-02-04 12:03:52'),
('1f55388dc32d9d4895c5db56d19f4cc5dc9abb07ff830522297c637f2c3fc54cbc06bcb2326c42e7', 12, 3, 'appToken', '[]', 0, '2024-01-27 21:43:44', '2024-01-27 21:43:44', '2025-01-27 21:43:44'),
('1fc5354cd05aabb44c9de2282a2ddc768d25eeb263e4c061553f284f27fe31e0bdd43c3d7843cfc0', 12, 3, 'appToken', '[]', 0, '2024-01-29 14:11:48', '2024-01-29 14:11:48', '2025-01-29 14:11:48'),
('20fb62a71f0c8ce7d3a9b92529a214ef82df72e118bb7d810af5c20c8ecb4e438f37b27497396612', 12, 3, 'appToken', '[]', 0, '2024-01-30 05:52:07', '2024-01-30 05:52:07', '2025-01-30 05:52:07'),
('2111a18506956a2a9a36ea16759dd7a6e252ae7508d6c9261c45b7dd8d48efd8b568ee661fd28175', 13, 3, 'appToken', '[]', 0, '2024-02-13 17:18:37', '2024-02-13 17:18:37', '2025-02-13 17:18:37'),
('227eb148a3642e026eef39ce342a58f3515855fb0aeb525068405eed46fc13f28716f1117232b295', 15, 3, 'appToken', '[]', 0, '2024-02-17 13:15:34', '2024-02-17 13:15:34', '2025-02-17 13:15:34'),
('22edd5b733ab04cdd159c67787431457dd2703b7a8c87153fbfb782fd301c456fc709630c14eeb8c', 14, 3, 'appToken', '[]', 0, '2024-02-03 02:09:14', '2024-02-03 02:09:14', '2025-02-03 02:09:14'),
('2485eff1febcd731410d6939494a7dfb1963d1e7d9ee154ccfb522ddf265e2d46e065afb7ad2f8f1', 12, 3, 'appToken', '[]', 0, '2024-02-01 16:08:45', '2024-02-01 16:08:45', '2025-02-01 16:08:45'),
('251fd156508875b6e88756a36e633ea19a28483aff94db24ca863adc8b95f6f36dd321c72676b5dd', 12, 3, 'appToken', '[]', 0, '2024-02-02 17:25:52', '2024-02-02 17:25:52', '2025-02-02 17:25:52'),
('26127c2bef05c4ca29f17b8263fc0299ea1a6f974f53c2aef8f5fc6d787b369946b7fcc598a57e59', 12, 3, 'appToken', '[]', 0, '2024-01-30 02:25:41', '2024-01-30 02:25:41', '2025-01-30 02:25:41'),
('26f9e0614cdfcd91b16f80e8a358d9823ffcd8cb51b831c7d9e87bbea9c7b754981c67c5d0a0713c', 12, 3, 'appToken', '[]', 0, '2024-02-03 00:34:27', '2024-02-03 00:34:27', '2025-02-03 00:34:27'),
('277ffd2b7e796df71e248b627a38bc756e7dc84a39135072092a7f8aecc1036b152f2eeb69a8a319', 14, 3, 'appToken', '[]', 0, '2024-02-03 01:42:16', '2024-02-03 01:42:16', '2025-02-03 01:42:16'),
('27e8ca2e7c01cbf994c25ddd353313beb978c4502e620c73a2e2297a57189d60d0dda1d823bb3937', 14, 3, 'appToken', '[]', 0, '2024-01-30 08:26:47', '2024-01-30 08:26:47', '2025-01-30 08:26:47'),
('2845b4ed9ad4583a9e31b040327fa6acf4514a53d7a7937cb1f403e48e9cbc349cb79b0636499ad4', 12, 3, 'appToken', '[]', 0, '2024-01-28 15:59:47', '2024-01-28 15:59:47', '2025-01-28 15:59:47'),
('284a25e6322b52dcb5cf926cd29ee585ff070c9a688ac8c386142c26c7519c410bf9ef40cbaa11a6', 12, 3, 'appToken', '[]', 0, '2024-02-01 21:22:30', '2024-02-01 21:22:30', '2025-02-01 21:22:30'),
('29c5f8d80ce42a6777f61cdd20b336641a64cf85e361a714b7bc9481c93352a227ea636535845474', 12, 3, 'appToken', '[]', 0, '2024-02-01 21:44:23', '2024-02-01 21:44:23', '2025-02-01 21:44:23'),
('2a5fa3da1d4d336159eb165d2decbfe2791f42130fdd3925d81f40a59307341d41a2f0578adf82b8', 12, 3, 'appToken', '[]', 0, '2024-01-30 01:07:39', '2024-01-30 01:07:39', '2025-01-30 01:07:39'),
('2b23a214fb9140087d6ba25b8ad4018c5fa28cfea31972706b0dfefc3541f21635aacb9f3b09e324', 14, 3, 'appToken', '[]', 0, '2024-02-13 08:44:51', '2024-02-13 08:44:51', '2025-02-13 08:44:51'),
('2b8b4f4ac82f95689997ca58764a434ef42fd141d77132d9d175ad2b90047632173b472eeb013114', 12, 3, 'appToken', '[]', 0, '2024-01-29 22:31:15', '2024-01-29 22:31:15', '2025-01-29 22:31:15'),
('2c1b337ecf9d345025902e0b9cd9980ed4cd44264c0a4cc29cdc77439b1b1afd69cb131448c6eeec', 1, 3, 'appToken', '[]', 0, '2024-01-26 19:49:46', '2024-01-26 19:49:46', '2025-01-26 19:49:46'),
('2c533d4e7f579d8271f3d484a4a36d5a8274b81195ec0475ca6d14546fbb5e575fea31a7f912ac84', 14, 3, 'appToken', '[]', 0, '2024-02-03 16:26:21', '2024-02-03 16:26:21', '2025-02-03 16:26:21'),
('2c60bcaa39402a8c2b800e0cc9d14c24e8dfd3c27f32142300fbb6212c21fc8f78e951e319870f5d', 12, 3, 'appToken', '[]', 0, '2024-02-02 19:47:25', '2024-02-02 19:47:25', '2025-02-02 19:47:25'),
('2d2c91884ec87da50f3dbef78a1e235209f5867d4ac8cd157a3f32255a55d6aea91ddd463fe7e9bc', 14, 3, 'appToken', '[]', 0, '2024-02-14 11:12:59', '2024-02-14 11:12:59', '2025-02-14 11:12:59'),
('2d5bf642768666f0063de91fa3ebd29df8d0c4d977a894bf4c93b1addaf939d85257a28723893549', 12, 3, 'appToken', '[]', 0, '2024-01-30 14:57:54', '2024-01-30 14:57:54', '2025-01-30 14:57:54'),
('2dbc3c4108953d63817a23c2e3ff748c802f37281759eb4fafc6b3373f055fecd9d3911fdb9461a7', 1, 3, 'appToken', '[]', 0, '2024-01-19 22:41:34', '2024-01-19 22:41:34', '2025-01-19 22:41:34'),
('2dc72f4c48f5081e098ec4f9b7ab60de132259576de341da0792844d05fc5f1b5fa017ca08992311', 12, 3, 'appToken', '[]', 0, '2024-02-03 00:26:08', '2024-02-03 00:26:08', '2025-02-03 00:26:08'),
('2df0cecc213e114e022906c565ff7d625d30f93ddcb1514760013cc2b234fb371a4edf06da5d9a6e', 12, 3, 'appToken', '[]', 0, '2024-01-28 08:57:07', '2024-01-28 08:57:07', '2025-01-28 08:57:07'),
('2f7613d0fcf933ba1515e923247eeb7a101ef6405ad3bda9b901f9fab71b5235c664761d4ca3fe95', 1, 3, 'appToken', '[]', 0, '2024-01-26 18:21:18', '2024-01-26 18:21:18', '2025-01-26 18:21:18'),
('2f995dfcd11f5942f3a69e5aeec6564a59a72d9e9eebe3abb2ef95e18ed86434749d2b8266bd1495', 14, 3, 'appToken', '[]', 0, '2024-01-30 08:26:02', '2024-01-30 08:26:02', '2025-01-30 08:26:02'),
('2fcbd43a300864e6dcc61f890845e34bd7aa5a48d502dcc248fed997961d4f32c7148da772f8772e', 12, 3, 'appToken', '[]', 0, '2024-01-28 08:54:32', '2024-01-28 08:54:32', '2025-01-28 08:54:32'),
('2fdf16667fd0f4d1ddd61527cc7e7e79ffaa8b3888b2849e48c0cabbdb55a4ff2a96b6d7567d80fc', 12, 3, 'appToken', '[]', 0, '2024-01-27 14:30:04', '2024-01-27 14:30:04', '2025-01-27 14:30:04'),
('3011af7f8a998161147ba1234bc01dc339a170d00afa9b7820dbf539ced2e101fd3c924fa0b95933', 12, 3, 'appToken', '[]', 0, '2024-01-28 12:39:26', '2024-01-28 12:39:26', '2025-01-28 12:39:26'),
('301bd9be95417ee691fa202c5564deb40d87fbc819e7deec620cb184ff310d1e367bc9c6a5154acd', 14, 3, 'appToken', '[]', 0, '2024-02-03 02:23:43', '2024-02-03 02:23:43', '2025-02-03 02:23:43'),
('3031cf3de1b5e44ba4dd870e7b3681d7b1976414bc459236f24d48adb03156b812839d6cceabaea4', 14, 3, 'appToken', '[]', 0, '2024-02-03 02:21:08', '2024-02-03 02:21:08', '2025-02-03 02:21:08'),
('3133468f5f268010d24b5240541c223cf310f32351ec2285a7ccd4d70b7870dc505549d3f3f688bd', 1, 3, 'appToken', '[]', 0, '2023-12-27 16:50:07', '2023-12-27 16:50:07', '2024-12-27 18:50:07'),
('31f9991d369622bf3b84c8e18e91098a22a93f9f8c01e06721af5b087f16217bb9ed1892735044d3', 12, 3, 'appToken', '[]', 0, '2024-01-29 22:33:01', '2024-01-29 22:33:01', '2025-01-29 22:33:01'),
('3465a0352a8d2c6630e812b497e898c8da6c44addcd7b5691526c1877f49b94c18ebe59eb51e1bbf', 12, 3, 'appToken', '[]', 0, '2024-02-03 01:04:10', '2024-02-03 01:04:10', '2025-02-03 01:04:10'),
('34811a68888f4af756fd71bbbb0155c320e5f75a4f2e0a6f45b971ab0fd4cbc15c39e94749664ae4', 12, 3, 'appToken', '[]', 0, '2024-02-01 21:20:26', '2024-02-01 21:20:26', '2025-02-01 21:20:26'),
('352d6a38a82d1e3d055b70c1d95bb98c64d47b74ebb347df0f07f5c2c26de16ec51f43343826ea6c', 12, 3, 'appToken', '[]', 0, '2024-01-29 13:29:20', '2024-01-29 13:29:20', '2025-01-29 13:29:20'),
('3610f6d732ebae1e5b200848acff3dbce73b9e98ea0e144108f16a99216e726492ad18bb5affc48d', 14, 3, 'appToken', '[]', 0, '2024-02-03 16:30:10', '2024-02-03 16:30:10', '2025-02-03 16:30:10'),
('368e9f35e21cd86cbb3133c11865613580adb87741529bc9bd61b74ea4fc794d73ab23a0c2ace69f', 15, 3, 'appToken', '[]', 0, '2024-02-16 13:24:42', '2024-02-16 13:24:42', '2025-02-16 13:24:42'),
('369f53b9c512d08b56ad3b8394f70ee99395e211bebf32da05d2658030a4580a742cdb774a5362a8', 12, 3, 'appToken', '[]', 0, '2024-01-27 22:04:07', '2024-01-27 22:04:07', '2025-01-27 22:04:07'),
('36ae2c3068d4b78c8c1389a09160eabbebc2a8ea3d87376c34ebabe1ddcedaaf5cec4a87553f91bc', 14, 3, 'appToken', '[]', 0, '2024-01-30 08:19:58', '2024-01-30 08:19:58', '2025-01-30 08:19:58'),
('3734f87eaf55585c54913a92f201648104bc8ef3e5d2ac3cf4df5c11e4d01ceb144681f71fa565ec', 12, 3, 'appToken', '[]', 0, '2024-01-27 21:03:47', '2024-01-27 21:03:47', '2025-01-27 21:03:47'),
('37c7e490c5e644e071ded7a9dabe77437d2c78b59b99bcd2e93cb53c6469bab69ced4432ffee15d5', 12, 3, 'appToken', '[]', 0, '2024-01-29 14:11:01', '2024-01-29 14:11:01', '2025-01-29 14:11:01'),
('382386fcf1f54386b9be2cd208262d8ca932b5f7044fd2e145bad5c9b06fe1726485a1bb3e3c0be5', 1, 3, 'appToken', '[]', 0, '2024-01-26 18:26:37', '2024-01-26 18:26:37', '2025-01-26 18:26:37'),
('38dc8c1e464c0207614df67e98f5246f219ec3bdb54a88378b79918c378bdaeeaa3f0890f1ffcbbe', 12, 3, 'appToken', '[]', 0, '2024-01-29 15:04:01', '2024-01-29 15:04:01', '2025-01-29 15:04:01'),
('3969bbeea5151f9e428329f7805b23553e33ca5b958e8bbce2883ec05d83bd955ae65c1e516d1108', 14, 3, 'appToken', '[]', 0, '2024-02-03 02:12:33', '2024-02-03 02:12:33', '2025-02-03 02:12:33'),
('3a58b077825eff55025c7c7e59ad868db4b0acf459b3076a61e2cb98ab717ecfd715666d40cd0563', 14, 3, 'appToken', '[]', 0, '2024-02-01 22:48:01', '2024-02-01 22:48:01', '2025-02-01 22:48:01'),
('3b45411f160439742f163497fab8570d2364f81e0358b71a72e5e699ef7897f2e72b63b24ca4613f', 14, 3, 'appToken', '[]', 0, '2024-02-03 14:20:17', '2024-02-03 14:20:17', '2025-02-03 14:20:17'),
('3c6d8f0378c8fbe9d60ccf6bfbacaef4b667a0e9ae297000b595d5102297461882aabba9f6ea5533', 1, 3, 'appToken', '[]', 0, '2024-01-19 22:34:51', '2024-01-19 22:34:51', '2025-01-19 22:34:51'),
('3c7c889c550fe5e06d56f4f78c1ad70c96eefa667a06e7d1a2041004ca6551f5f0e50cb36049d774', 12, 3, 'appToken', '[]', 0, '2024-02-02 23:27:29', '2024-02-02 23:27:29', '2025-02-02 23:27:29'),
('3c9d2900c47083c90393df623fe6ffc1ec2f25bb91e988f6237dd109d02c30442585c0e36ff1db17', 12, 3, 'appToken', '[]', 0, '2024-01-30 02:00:35', '2024-01-30 02:00:35', '2025-01-30 02:00:35'),
('3cf0ed99564e064f18a3d25ef85d1782a4f246d505987338fbf202cc8a5a28ce3dddbb2b807f926b', 12, 3, 'appToken', '[]', 0, '2024-01-28 12:18:58', '2024-01-28 12:18:58', '2025-01-28 12:18:58'),
('3d0c28126407877affc4cc5458a3b9729af496b1ba498aa0fcdce57524ace94ba760ac0563d2a700', 12, 3, 'appToken', '[]', 0, '2024-01-31 21:07:05', '2024-01-31 21:07:06', '2025-01-31 21:07:05'),
('3d3fcc08f36aaa39c2e3b6bf377ce0b6a887896a7f11eb415a17123a381860fa8b19ebe450fe116a', 12, 3, 'appToken', '[]', 0, '2024-01-31 17:50:31', '2024-01-31 17:50:31', '2025-01-31 17:50:31'),
('3d6b552621fd51c3c9c9ba68d3a121bf28b952c80bdf8f14c298b9375df7ef6ffcaee47a36e69846', 12, 3, 'appToken', '[]', 0, '2024-01-27 17:57:30', '2024-01-27 17:57:30', '2025-01-27 17:57:30'),
('3df5d8aff73c38cebeb797b52d455d64f5a54436fd73af218fed9e8a7e38da178527e62ca193acad', 1, 3, 'appToken', '[]', 0, '2024-01-26 13:31:16', '2024-01-26 13:31:16', '2025-01-26 13:31:16'),
('3ed6330023578893898decce4cc7c0521b6c40966c71c61635099d836f060c5f64d185e1599b8bee', 12, 3, 'appToken', '[]', 0, '2024-01-27 20:27:36', '2024-01-27 20:27:36', '2025-01-27 20:27:36'),
('3edfebc6aecf00fc8bff7136a7e5df0bd3641f2534960a853f186f17bf485b3d560f8ad16d5c2e30', 14, 3, 'appToken', '[]', 0, '2024-02-09 19:29:42', '2024-02-09 19:29:42', '2025-02-09 19:29:42'),
('3f0e6341ef8eb2a262f5403220deb5efa18a0a38696136ac569f285b42553a139b534fa981588913', 14, 3, 'appToken', '[]', 0, '2024-02-05 21:44:09', '2024-02-05 21:44:09', '2025-02-05 21:44:09'),
('3fae1bcf2a6e4f8017efbacbf0ecc1bd1184395ed909ca321556c5dba60cf1d9511559a14e64c36a', 12, 3, 'appToken', '[]', 0, '2024-01-28 08:31:22', '2024-01-28 08:31:23', '2025-01-28 08:31:22'),
('40500c3d692d13a7709130bfbef7b8330c1272b57fa670388215911442e9edd222512e5dff8bf527', 12, 3, 'appToken', '[]', 0, '2024-02-02 19:58:07', '2024-02-02 19:58:07', '2025-02-02 19:58:07'),
('405b5047869e2c9ef5cc556378dbfba9c0971cd0a0a4fa3b69ec53d9ea61ca0c8ac887eef7fbc7e2', 15, 3, 'appToken', '[]', 0, '2024-02-13 17:22:50', '2024-02-13 17:22:50', '2025-02-13 17:22:50'),
('40725f40aec090e2edf38a1facab8eb7d09fac6d515cb1bbcd564bf149edee6bf5e2236aef0dc5c7', 12, 3, 'appToken', '[]', 0, '2024-01-27 22:41:03', '2024-01-27 22:41:03', '2025-01-27 22:41:03'),
('4129dc15406a27cdfe9e53e5934a4dbb95eac4fc71fd9eb10a75ae6a99d9b2506ff942d0dd7b39ef', 14, 3, 'appToken', '[]', 0, '2024-02-03 02:08:42', '2024-02-03 02:08:42', '2025-02-03 02:08:42'),
('4158be54fcf353e706e84edf171c13bddddbf889bc94a7ed2a312b540b945803ae759f40c46e45ea', 14, 3, 'appToken', '[]', 0, '2024-02-03 02:21:56', '2024-02-03 02:21:56', '2025-02-03 02:21:56'),
('41c4da4b2b43abafeff681223ea41e548d02a941ebbda9560a002b2257041fb85a82b6bb20f8f22b', 1, 3, 'appToken', '[]', 0, '2024-01-26 20:08:36', '2024-01-26 20:08:36', '2025-01-26 20:08:36'),
('42f0d959207b35bd82253f10bf37ff0c772ebb10013ddfdec5af69b864e32f80e9212bc4c5f49abb', 12, 3, 'appToken', '[]', 0, '2024-01-29 14:27:51', '2024-01-29 14:27:51', '2025-01-29 14:27:51'),
('42fda23523803fa8016d4f48bf6f7df0b2b55e05400bcb5e2c4b310e2aac9b8af8246c28e297c959', 12, 3, 'appToken', '[]', 0, '2024-02-01 21:53:41', '2024-02-01 21:53:41', '2025-02-01 21:53:41'),
('43936bf3f22de8bdf6eabb38a1647d7abcbad30660b449b26734fe86f4df6ab51fdf74f699b2c2ab', 12, 3, 'appToken', '[]', 0, '2024-01-31 21:03:03', '2024-01-31 21:03:03', '2025-01-31 21:03:03'),
('43aa43b7aa8fd63ef5443731fd68289083655ec06d8e3f50ee66404eb9b9fce6c30b8fac41523513', 12, 3, 'appToken', '[]', 0, '2024-01-31 17:26:10', '2024-01-31 17:26:10', '2025-01-31 17:26:10'),
('43f252c7b7b1ba95ec8f4c8bd667a757ed424d90ec73bd810e2211020fb26cb6f8a3771cf9942c88', 1, 3, 'appToken', '[]', 0, '2024-01-26 14:39:02', '2024-01-26 14:39:02', '2025-01-26 14:39:02'),
('46237eb93b52e9e3624702022e72345c38ff36dd1012be8a731a5a61e6007b8274a4d81dffbdd847', 1, 3, 'appToken', '[]', 0, '2024-01-26 13:08:29', '2024-01-26 13:08:29', '2025-01-26 13:08:29'),
('462fab79fb8689dbf9be74024cb7b751c4c71fa73e5ec0a7c4deb7ead2db68ca76090cab87eaf245', 12, 3, 'appToken', '[]', 0, '2024-01-28 08:58:35', '2024-01-28 08:58:35', '2025-01-28 08:58:35'),
('4637f6aec6b46d2a6a41c9a2cfdd88df3a17509ab63f72c516774b3ffd4c5665a3c91e5f7dd2a2fe', 12, 3, 'appToken', '[]', 0, '2024-02-03 01:13:33', '2024-02-03 01:13:33', '2025-02-03 01:13:33'),
('4642cd9b833f862c225de7d95fa8568d3dc57685a706c18a5845fd436bdb407b98264bb085577d26', 14, 3, 'appToken', '[]', 0, '2024-02-11 10:32:35', '2024-02-11 10:32:35', '2025-02-11 10:32:35'),
('46b7a33a019b17355b6da28351a80901c14eb32685cb60b5aa332bec2d9cea62086fa6c063da4de0', 12, 3, 'appToken', '[]', 0, '2024-02-03 00:30:00', '2024-02-03 00:30:00', '2025-02-03 00:30:00'),
('4766e07fb0a75d7dc2a0265f15bf68d345fca28ffa533a89b5b4e5097b33cc8eb58f1b0282ffd84b', 1, 3, 'appToken', '[]', 0, '2024-01-26 12:56:05', '2024-01-26 12:56:05', '2025-01-26 12:56:05'),
('47747681607ecb9bf52619439d6aad3edfa8358017904049e1ae437547cec658e944c19114e3c586', 14, 3, 'appToken', '[]', 0, '2024-02-03 02:07:36', '2024-02-03 02:07:36', '2025-02-03 02:07:36'),
('47e4eaba2e2f25f2f1658dd1bddc3754f2e71e712d0047feb519847fdaa2773fc1f3fc73232a4961', 12, 3, 'appToken', '[]', 0, '2024-01-26 02:15:20', '2024-01-26 02:15:20', '2025-01-26 02:15:20'),
('47f1dc4d5a2144d0de9f71ca407f5c4a66793b39908234e5a71e6cd448b6baadd0696e2ee724b498', 12, 3, 'appToken', '[]', 0, '2024-01-29 14:28:05', '2024-01-29 14:28:05', '2025-01-29 14:28:05'),
('484220674df0cab701cc9d4b498f888d56ac0ad761d1d349ab3317d67f19e72c8f143982f03966ec', 12, 3, 'appToken', '[]', 0, '2024-01-29 13:31:31', '2024-01-29 13:31:31', '2025-01-29 13:31:31'),
('496bc23d7a3fe0dddeed4c173a84a5e4163c3ce925fa53397669cca00aca1638ae14c84df8ebef87', 1, 3, 'appToken', '[]', 0, '2024-01-26 23:15:51', '2024-01-26 23:15:51', '2025-01-26 23:15:51'),
('496c4e0a5270a676144e2e932c23ff22846831109235073e2a91dc22af04160d852384470f90e740', 12, 3, 'appToken', '[]', 0, '2024-01-31 22:11:20', '2024-01-31 22:11:20', '2025-01-31 22:11:20'),
('4b786685253da7552800801a6be94f682f382a6b7bf38d466642a07a74ee1b56614eaaed3f7c9863', 15, 3, 'appToken', '[]', 0, '2024-02-14 17:19:49', '2024-02-14 17:19:49', '2025-02-14 17:19:49'),
('4b9958793fac98e26045e77ddc868d2615590965f37d9c147a1c90010b868f06415a212248d1fc03', 12, 3, 'appToken', '[]', 0, '2024-01-27 22:05:06', '2024-01-27 22:05:06', '2025-01-27 22:05:06'),
('4bc2ddbaa0e3ea7962d649f99c54500396b4266fcb0feb2020771673038baf12a6fc95a220986adf', 12, 3, 'appToken', '[]', 0, '2024-01-29 14:12:46', '2024-01-29 14:12:46', '2025-01-29 14:12:46'),
('4c70f6e0bc143d7fe0c1ad2141a46fdd194dd0ad5eafa330f8194ecc23f30575ee35c0a094a1adeb', 12, 3, 'appToken', '[]', 0, '2024-02-03 01:18:10', '2024-02-03 01:18:10', '2025-02-03 01:18:10'),
('4cf10bcd2661a49a28f9e22fd9e5f1b68f4f4007d1773164af23196bf176ae2dddf1a6f19addb34f', 12, 3, 'appToken', '[]', 0, '2024-01-31 21:58:31', '2024-01-31 21:58:31', '2025-01-31 21:58:31'),
('4d71596a0053998b131b25c5691656d93b3445eaceaec7ee3ebcd44b7a625eb6f06682d6dfdc8fce', 12, 3, 'appToken', '[]', 0, '2024-02-02 23:54:13', '2024-02-02 23:54:13', '2025-02-02 23:54:13'),
('4d90d70e3daea6e115ff31421f4363a9a0daf0dc455f7c6535c070d3c6d92f0682ab1b4547bf4398', 12, 3, 'appToken', '[]', 0, '2024-01-31 22:07:19', '2024-01-31 22:07:19', '2025-01-31 22:07:19'),
('4dabaa03f1afd1dda234aa02bb8083a295703f078564e3d180deddb8104bbef16e528eb133e7e994', 1, 3, 'appToken', '[]', 0, '2024-01-19 22:41:04', '2024-01-19 22:41:04', '2025-01-19 22:41:04'),
('4ddde457ab7a1bf7b6ee7f8c80a6dc3209f532d7d181056a8a411d97aa5de23d8ae517fd05136bbe', 12, 3, 'appToken', '[]', 0, '2024-02-02 14:49:02', '2024-02-02 14:49:02', '2025-02-02 14:49:02'),
('4e3981bc95732da93204c0d85558c021d6d06aea7a2c48d58eac1730d9e9096779c48ada1736f3b6', 12, 3, 'appToken', '[]', 0, '2024-01-30 00:58:17', '2024-01-30 00:58:17', '2025-01-30 00:58:17'),
('4f1e43e1547747c37fb76d03fbc9a6685f6f05b08bc62519d598cba9fcd4d93a1f1d0b1865d201a7', 12, 3, 'appToken', '[]', 0, '2024-01-27 17:53:00', '2024-01-27 17:53:00', '2025-01-27 17:53:00'),
('4f42b73ce9b5d34a445824caaaca0c4181bd33324ba9edb4f05b4943c42bfba43166e74ee898cd3c', 12, 3, 'appToken', '[]', 0, '2024-02-02 16:58:20', '2024-02-02 16:58:20', '2025-02-02 16:58:20'),
('4f49e0dbf280d439ed4818ac305078ea34b92e7b71148d31280127180319cdbda0d34030b1084ca6', 14, 3, 'appToken', '[]', 0, '2024-02-01 09:13:47', '2024-02-01 09:13:47', '2025-02-01 09:13:47'),
('4fd9f375d0cc671e0708248c26b8411f221954ae31ddd8fcfd8ed758e57a8b11c74a37a0076f1b0c', 12, 3, 'appToken', '[]', 0, '2024-01-27 16:49:38', '2024-01-27 16:49:38', '2025-01-27 16:49:38'),
('5007d1caeeef242d154240e57a27cb93987b9a14145d0945f8c182078aab89ccb348b7d50eaa4a12', 1, 3, 'appToken', '[]', 0, '2024-01-26 12:36:03', '2024-01-26 12:36:03', '2025-01-26 12:36:03'),
('50bb56c68ce7a93c8c4eb62b2bad9144c3092dc29e58e1ab7029a11b3c4039158f09677c198e6858', 12, 3, 'appToken', '[]', 0, '2024-01-29 13:52:02', '2024-01-29 13:52:02', '2025-01-29 13:52:02'),
('5255d1446c22dd2ec8b8467ce5d053d1a85e1e634a636661a8f843eac348dfcc610ecb9720c1f376', 12, 3, 'appToken', '[]', 0, '2024-01-30 14:58:15', '2024-01-30 14:58:15', '2025-01-30 14:58:15'),
('528e116447870c3111976eed1676a3d4e7c0e3fc1ff029194d2f2145f762e8d03f3a9687ac346f94', 1, 3, 'appToken', '[]', 0, '2024-01-26 18:07:24', '2024-01-26 18:07:24', '2025-01-26 18:07:24'),
('52b92591c9057638745d6f9c93b00222af8724e957edb33cff0340494ce4dceb0c013f2485370991', 12, 3, 'appToken', '[]', 0, '2024-01-27 18:01:11', '2024-01-27 18:01:11', '2025-01-27 18:01:11'),
('53332f71a8b611bac03bf74a627ffabc335599e77b79a003e39687fc21ea31ed676baaea2709e78b', 12, 3, 'appToken', '[]', 0, '2024-02-02 17:32:28', '2024-02-02 17:32:28', '2025-02-02 17:32:28'),
('53bd196a998627cc4567d394f44560de85cb49751aa49193120ea57800fad0b3450a08a6639ab4d7', 12, 3, 'appToken', '[]', 0, '2024-01-29 23:53:28', '2024-01-29 23:53:28', '2025-01-29 23:53:28'),
('547bd82ec528325d038003e6823e4186834a95c3c78b85ad8fc36d08712ee9c566b3a5adcecc41fe', 12, 3, 'appToken', '[]', 0, '2024-01-31 17:33:35', '2024-01-31 17:33:35', '2025-01-31 17:33:35'),
('548fc5085738631c29d8c54314ef44b81d4b120655523d9203714f5403c6d56fb09335b62f4333ef', 1, 3, 'appToken', '[]', 0, '2024-01-26 17:52:42', '2024-01-26 17:52:42', '2025-01-26 17:52:42'),
('54f755b63aecd7161fa970ffd141b81d4ffe94ae9e1621a72ccee198fdd439cdfd96e4e51d3a8d15', 12, 3, 'appToken', '[]', 0, '2024-01-30 02:14:21', '2024-01-30 02:14:21', '2025-01-30 02:14:21'),
('5504c700ab37aeb12aa911682c937f339d9d69a55b821bff8c53fd2a60c135485509ede7d85b90d2', 14, 3, 'appToken', '[]', 0, '2024-02-11 11:23:33', '2024-02-11 11:23:33', '2025-02-11 11:23:33'),
('55494285b197ab460d9d74e3ed48acdd99220612157491cb62fdfe60f129870133f503cdfd279054', 12, 3, 'appToken', '[]', 0, '2024-01-30 01:47:53', '2024-01-30 01:47:53', '2025-01-30 01:47:53'),
('55a37fca8e0d92441867be067fc917ba0bae732c8f439a02d478fee4bad75b4e84bdc559c0de91cd', 12, 3, 'appToken', '[]', 0, '2024-02-02 16:55:44', '2024-02-02 16:55:44', '2025-02-02 16:55:44'),
('55b4614af768fd8f742d6cba3f7ba07796c45ac9cb91d2ecfd079c99f4bb4f1ff70f0721989640af', 12, 3, 'appToken', '[]', 0, '2024-01-31 20:52:07', '2024-01-31 20:52:07', '2025-01-31 20:52:07'),
('56160a0fa5cadb28c114534d77f07ac2ed5029e0acbaaa2cf7a177db1b7d66f0d4f7e789728b6e6e', 14, 3, 'appToken', '[]', 0, '2024-01-30 15:11:38', '2024-01-30 15:11:38', '2025-01-30 15:11:38'),
('5720575b5d01a8a9faafd0d86d8a80462699eb0a1d563131c064cad45f20326cc8c966648276e40d', 12, 3, 'appToken', '[]', 0, '2024-01-31 22:10:23', '2024-01-31 22:10:23', '2025-01-31 22:10:23'),
('579f108b6a02816ba7389c224bc59b36d9358592fcc2ac7e6cc0767f85565bc6a7e80adf5282dbff', 12, 3, 'appToken', '[]', 0, '2024-02-02 17:29:07', '2024-02-02 17:29:07', '2025-02-02 17:29:07'),
('57c1431df600e1259309162c519514112a14573c68acc7194369a46189ed741b4937937bfde4c452', 12, 3, 'appToken', '[]', 0, '2024-01-31 21:16:48', '2024-01-31 21:16:48', '2025-01-31 21:16:48'),
('57e7da2a927efd03369cbc7637941bf7b7c13b541dddf5e9caa1f0fef72223275bcbfbf574fb865b', 14, 3, 'appToken', '[]', 0, '2024-02-03 02:21:24', '2024-02-03 02:21:24', '2025-02-03 02:21:24'),
('589ecc4409a9134e67d58ebe79754417abef3a3953e58e3128d6f51adc7a00076a29793647e9dec4', 12, 3, 'appToken', '[]', 0, '2024-02-02 20:22:22', '2024-02-02 20:22:22', '2025-02-02 20:22:22'),
('59e5355315c06fea38da516a293b665db5a99ecb34eb14f10a22859db588110d9ba9c5b2b1f54116', 1, 3, 'appToken', '[]', 0, '2024-01-26 18:10:41', '2024-01-26 18:10:41', '2025-01-26 18:10:41'),
('5b4d525530ac38ac5cd073c73a94719e2eaa20e3fa4ab7f25a68f3e8c117940975c98cc78a4fe4b0', 14, 3, 'appToken', '[]', 0, '2024-02-03 06:49:16', '2024-02-03 06:49:16', '2025-02-03 06:49:16'),
('5c1487158bbd3b624c79e84a1632ba50df5151ff1b9b80f731616deef3b54a9689db03fd99089d12', 12, 3, 'appToken', '[]', 0, '2024-02-02 17:10:54', '2024-02-02 17:10:54', '2025-02-02 17:10:54'),
('5c8ab83449ad3744c3c2daf224fe8096313e7ab16b9f6ea3e8f799d13da96377014775e9e039c238', 12, 3, 'appToken', '[]', 0, '2024-02-01 22:10:54', '2024-02-01 22:10:54', '2025-02-01 22:10:54'),
('5d88ac935b4fc5fa2f1281d9efba8a4eb756c6552f119f5f7cef8ccb75cd13d81ac73e44db1d603b', 12, 3, 'appToken', '[]', 0, '2024-01-31 17:53:00', '2024-01-31 17:53:00', '2025-01-31 17:53:00'),
('5e2e761b7b64da53a576fb738e601e00db6dd04026e9d78f9c3b7146f52d9015ebd799b61c241a76', 12, 3, 'appToken', '[]', 0, '2024-01-28 08:46:40', '2024-01-28 08:46:40', '2025-01-28 08:46:40'),
('5e577e5ebe9ba5180f5aaf899ad8abf863d1506920d9349b860b8afb7808f49d459a8edf5db865eb', 12, 3, 'appToken', '[]', 0, '2024-01-31 21:08:26', '2024-01-31 21:08:26', '2025-01-31 21:08:26'),
('5e7fa667ae066870a1efcbecaff4388bce3e8b5ed1af16502f493a53f96bc48aa3b513f8e22a2b35', 14, 3, 'appToken', '[]', 0, '2024-02-11 10:59:39', '2024-02-11 10:59:39', '2025-02-11 10:59:39'),
('5f285caf5dddee82d6e0e2b80c2e7fca8540ac7f05d960b8b9cf73b2f97c0cb8f15164b5bd6c8e50', 14, 3, 'appToken', '[]', 0, '2024-02-13 08:42:29', '2024-02-13 08:42:29', '2025-02-13 08:42:29'),
('60485360a6a82c357785d1c096973f1729b9b38e13ec48d5a1e9edc4190ecc59942e9bd0baea42b0', 14, 3, 'appToken', '[]', 0, '2024-02-04 15:53:30', '2024-02-04 15:53:30', '2025-02-04 15:53:30'),
('60a5e195506558b120bbcaeb2a5f841ebf4ff0542be7063cfe88d839fc26358c80e06e9663a0203b', 12, 3, 'appToken', '[]', 0, '2024-01-27 22:27:10', '2024-01-27 22:27:10', '2025-01-27 22:27:10'),
('614e7870a05d5ea0c4a44bfcb7df20a27b3743f7b08e9efca2e63e450854ba52da88004cd2ab07e2', 12, 3, 'appToken', '[]', 0, '2024-01-28 12:20:02', '2024-01-28 12:20:02', '2025-01-28 12:20:02'),
('616bd2c02af25e1afe4429b3649d96eed8613bf473ef447cb483ea2e9d410cef29a24dc63a1d65be', 14, 3, 'appToken', '[]', 0, '2024-02-03 16:17:59', '2024-02-03 16:17:59', '2025-02-03 16:17:59'),
('6366b3dbd9d582e584bcec5ef789603e99bd24de4064faf9885de2e43e692147c8b9b9ea93aedd09', 12, 3, 'appToken', '[]', 0, '2024-01-30 01:31:11', '2024-01-30 01:31:11', '2025-01-30 01:31:11'),
('640eafa1d4cb89ffc70e5a569d0ad3f757d6303101526181c01b2300b050fb271bf487fa2a3bc781', 14, 3, 'appToken', '[]', 0, '2024-02-12 18:07:53', '2024-02-12 18:07:53', '2025-02-12 18:07:53'),
('6431780a42db731bef76a316573b96ea1c05b208795b2395f82e672f62782222473939b564a15b85', 12, 3, 'appToken', '[]', 0, '2024-01-29 22:23:56', '2024-01-29 22:23:57', '2025-01-29 22:23:56'),
('64802dc21b9b8a3e76aa3fd8ce4b02b089dfd1e612e9af44b16d2317207e07d283a56caa05bb9c1b', 14, 3, 'appToken', '[]', 0, '2024-02-11 11:11:30', '2024-02-11 11:11:30', '2025-02-11 11:11:30'),
('64c5a0fedefd8b27caafc13a11688d4d2d315b0676db650613e4b5b52eb57ef49f61c43f9abedbde', 12, 3, 'appToken', '[]', 0, '2024-01-27 18:10:07', '2024-01-27 18:10:07', '2025-01-27 18:10:07'),
('667d04f02d429866474945e5721b585d68aff6b214fbb1faba75fd7319b5b318fc89c949b0ed14b2', 12, 3, 'appToken', '[]', 0, '2024-02-02 17:21:06', '2024-02-02 17:21:06', '2025-02-02 17:21:06'),
('66eed641f0cf81126c13462a3b1e61468967c446a32f4cfd6b3ba4f4b2f4a325a5543cfad20a79f9', 12, 3, 'appToken', '[]', 0, '2024-01-27 16:34:40', '2024-01-27 16:34:40', '2025-01-27 16:34:40'),
('67692e7a5ff9eec3751126eba3b825776f130d5682de69f8f679be03dc5dabf8cde6aa0b3cff7fa9', 15, 3, 'appToken', '[]', 0, '2024-02-17 14:41:00', '2024-02-17 14:41:00', '2025-02-17 14:41:00'),
('6770b71065260264c166ff27955c4322bf210430361c31d4a9c1e12159ed418890e7a9e699607d84', 12, 3, 'appToken', '[]', 0, '2024-01-30 02:07:43', '2024-01-30 02:07:43', '2025-01-30 02:07:43'),
('680d046d59c13249755e1bd69dd4ccf3fd6a86581cf71547df114a6fc49fefe37c9063f86df2c53b', 12, 3, 'appToken', '[]', 0, '2024-02-02 23:58:32', '2024-02-02 23:58:32', '2025-02-02 23:58:32'),
('6810da5c2d7fcec2aa507aff195b1af93afe535fc47a0f61bc2ff6c1d2a6c934e60665fafde0dc74', 12, 3, 'appToken', '[]', 0, '2024-01-29 13:36:06', '2024-01-29 13:36:06', '2025-01-29 13:36:06'),
('6869b8f2246e6ecf498ac10baad7aa76a22bd51e41245596fd059bfd93dcb52e1ab9b4b4b57eb8ab', 12, 3, 'appToken', '[]', 0, '2024-01-31 17:46:59', '2024-01-31 17:46:59', '2025-01-31 17:46:59'),
('6892213d6c49ea5cea17e379827ed195a8938c4040ec2c883a6fe40aa630d43004da96f658e8fb1c', 12, 3, 'appToken', '[]', 0, '2024-01-29 22:27:52', '2024-01-29 22:27:52', '2025-01-29 22:27:52'),
('69142babf389ade8758723ab13535ccf4bbf4404682408f882df874c100433620d21f10d536c8ba5', 12, 3, 'appToken', '[]', 0, '2024-01-28 12:07:58', '2024-01-28 12:07:58', '2025-01-28 12:07:58'),
('69686aa8f613638f3cd7bc921ee68ecc62381f086fa91f5d80a3b0c088b8fd903ee122754467751c', 12, 3, 'appToken', '[]', 0, '2024-01-31 17:59:16', '2024-01-31 17:59:16', '2025-01-31 17:59:16'),
('69df31f762882ad71d463dc32ad4e681e8c9886767587f1535a6822b98bc8fb073bbb5c6bcb48a1b', 12, 3, 'appToken', '[]', 0, '2024-02-02 19:49:35', '2024-02-02 19:49:35', '2025-02-02 19:49:35'),
('6a191f94160ad5f083e27397e07568b82488f4e1d154f266493ad9b42b453c2e0cad1bdc02fe5ff5', 12, 3, 'appToken', '[]', 0, '2024-02-01 21:41:50', '2024-02-01 21:41:50', '2025-02-01 21:41:50'),
('6b00f3968177cfcfe3747c75e8eb35119f2200081a3d209a5f6b1a8f0c114f509b00894fa52d2453', 12, 3, 'appToken', '[]', 0, '2024-01-29 14:18:28', '2024-01-29 14:18:28', '2025-01-29 14:18:28'),
('6b829053d34acc146666c4366e02898cd2880172d0dccbf79e90870cac48132f55922fd609069da8', 14, 3, 'appToken', '[]', 0, '2024-01-30 14:09:31', '2024-01-30 14:09:31', '2025-01-30 14:09:31'),
('6b96a3fd2dffc247d57e54caa859db8c4347c47fe6ad7525b64ecb912bdffbd7a74fdf56dd4d8669', 12, 3, 'appToken', '[]', 0, '2024-02-03 00:02:28', '2024-02-03 00:02:28', '2025-02-03 00:02:28'),
('6bcfcd21af7fe1c0d58e6f1edd4aa9249d2ee9aeef88ea6b62dc464e8c88594be4cb4c5c21b19d45', 14, 3, 'appToken', '[]', 0, '2024-02-02 14:33:59', '2024-02-02 14:33:59', '2025-02-02 14:33:59'),
('6c85e563326b9887694cadf347168303e422678681ac17b09b4707e7411717828e8ba70473975a8a', 14, 3, 'appToken', '[]', 0, '2024-02-09 19:32:14', '2024-02-09 19:32:14', '2025-02-09 19:32:14'),
('6c8642a18b177eb7646c1a17e5a24575bc3a8974e7e8fd8ed7cfa787cb1f0975d59e4f189e3bc6e6', 14, 3, 'appToken', '[]', 0, '2024-02-03 13:29:37', '2024-02-03 13:29:37', '2025-02-03 13:29:37'),
('6d1ff6e3a10c197898bf632243113594902c5b61bef929d070c0bb3e4505f1f708db61592a358b0d', 14, 3, 'appToken', '[]', 0, '2024-02-11 10:33:13', '2024-02-11 10:33:13', '2025-02-11 10:33:13'),
('6e2c874b9a4403b2715132ed3c5174f8b80f957a7c6dda152bf9dce8b04c25e2e6a1d5efb134e2b2', 12, 3, 'appToken', '[]', 0, '2024-01-27 22:44:04', '2024-01-27 22:44:04', '2025-01-27 22:44:04'),
('6fcba36e6ecef6b97203c70aec5b9049dc043a3342667bacc160e008b8df932465de075ad8d65a69', 1, 3, 'appToken', '[]', 0, '2024-01-19 22:37:21', '2024-01-19 22:37:21', '2025-01-19 22:37:21'),
('704334a3ad9342785cfb33a2851799bc79fc45569dc69592fa17ca3adccc76046275fde80662bda3', 14, 3, 'appToken', '[]', 0, '2024-02-09 17:05:54', '2024-02-09 17:05:55', '2025-02-09 17:05:54'),
('705e1bc1bb5f0fc4bb5d3743b6d71554a7526dab000d50def70c9ddc4d82f686f15dde81f89383d7', 12, 3, 'appToken', '[]', 0, '2024-01-30 02:02:52', '2024-01-30 02:02:52', '2025-01-30 02:02:52'),
('72d237c5e331f66c1876f9d3271f5898049ee860e98a8835448462ced05076d0b71465e96bff60c1', 1, 3, 'appToken', '[]', 0, '2023-12-26 14:04:39', '2023-12-26 14:04:40', '2024-12-26 16:04:39'),
('72ef309caef18ff5a6d488cace5526b854aa19d6fca26b595e728f9559f6093cea5fed08c1caa80e', 12, 3, 'appToken', '[]', 0, '2024-02-01 10:15:49', '2024-02-01 10:15:49', '2025-02-01 10:15:49'),
('73550f0e6e4352bf45da733dbf61cd255557e7d405200aff6a3f16af0507f5a92b25a82d60960829', 12, 3, 'appToken', '[]', 0, '2024-01-29 14:16:40', '2024-01-29 14:16:40', '2025-01-29 14:16:40'),
('73b5d227926f41abcc5a063293de953bcb115295cab56a9df5113750466798dc672ab0dffd8cbe6e', 1, 3, 'appToken', '[]', 0, '2024-01-26 12:36:45', '2024-01-26 12:36:45', '2025-01-26 12:36:45'),
('7411274628bcd9a2a4089095e4dc9afe0992237851d778db73ef1f5d02201ab5bdfed441ff9cbceb', 12, 3, 'appToken', '[]', 0, '2024-01-27 21:32:25', '2024-01-27 21:32:25', '2025-01-27 21:32:25'),
('74fca1c3e341012f94f0287d11d8ddc2849eb498b3371cdd28695d9fe32159754eae7824c2f965f6', 14, 3, 'appToken', '[]', 0, '2024-02-03 02:24:11', '2024-02-03 02:24:11', '2025-02-03 02:24:11'),
('7543c6435867d86d6fbe7548ea40aa190c8c4bcfa3a1e4b605b76a09f1fab82fac5427f1ee65b0f9', 14, 3, 'appToken', '[]', 0, '2024-02-03 16:25:59', '2024-02-03 16:25:59', '2025-02-03 16:25:59'),
('7583121228b1cfb322d9e246842abc5be46c2ef45357e32d0c4e7354971f69a06a4f067b79d93c26', 12, 3, 'appToken', '[]', 0, '2024-01-29 14:44:05', '2024-01-29 14:44:05', '2025-01-29 14:44:05'),
('75c64baecff80e325c3e59b048c5eb73e457024c2b59baaa653b60f71bf4b0bb82d624e49d4276cc', 13, 3, 'appToken', '[]', 0, '2024-02-12 18:53:00', '2024-02-12 18:53:00', '2025-02-12 18:53:00'),
('760f75460dcb7868c11236001fa2115c90fbbbd56994372e4841a38b16a267c6a3f739ff034bf51c', 12, 3, 'appToken', '[]', 0, '2024-01-31 21:17:32', '2024-01-31 21:17:32', '2025-01-31 21:17:32'),
('76488a309c7ca16b99acfe5e8f04513a0575273762e3ca931b9fff4d77180f4abe450db7d69c782b', 12, 3, 'appToken', '[]', 0, '2024-01-29 14:56:11', '2024-01-29 14:56:11', '2025-01-29 14:56:11'),
('771f0cd7226333d2d60cc7caed4ac650e684d0163eb3eceacace0937f5451a4a3d03e9a20ae98af4', 12, 3, 'appToken', '[]', 0, '2024-02-02 14:53:07', '2024-02-02 14:53:07', '2025-02-02 14:53:07'),
('77429cb7e05b567190a09b6cc36bda03d18c403b3460c540ff6b3cd58affeae8a86d2dddc9f649ff', 12, 3, 'appToken', '[]', 0, '2024-01-30 01:41:19', '2024-01-30 01:41:19', '2025-01-30 01:41:19'),
('7782289cab3be96712e8b82204570ec78aa8c1722f4f82a3836aa5ef02000ce34f019ce25fd2a99d', 12, 3, 'appToken', '[]', 0, '2024-02-02 23:56:56', '2024-02-02 23:56:56', '2025-02-02 23:56:56'),
('77928a8f2f16e6d0006ab42da5734525ae7c53f4e5cc22225dedd09ef8c918fd30a33f749a33ead0', 14, 3, 'appToken', '[]', 0, '2024-02-03 16:08:27', '2024-02-03 16:08:27', '2025-02-03 16:08:27'),
('7792a66b0a00cce7882268f37c27ec01749fb6e8d2c4747b60f4195e5e6b0bf4b01269e577df5ea7', 12, 3, 'appToken', '[]', 0, '2024-02-02 16:49:15', '2024-02-02 16:49:15', '2025-02-02 16:49:15'),
('77bef02c230232a66a48c3b980ae2bdd392b4c4e742a0f302305bcef3a89fe807d2122f0d7151cca', 12, 3, 'appToken', '[]', 0, '2024-02-02 18:49:20', '2024-02-02 18:49:20', '2025-02-02 18:49:20'),
('78d6897e553c7db34e77872532fb3d98ee709abb981252245480dc00392fd657326557c047fb869c', 14, 3, 'appToken', '[]', 0, '2024-02-03 16:29:02', '2024-02-03 16:29:02', '2025-02-03 16:29:02'),
('79619803c1397ba9cb29089cbd9f64c6fe22accd868c375e6c2c9d2b8ce4c08e1c557f92a493b308', 12, 3, 'appToken', '[]', 0, '2024-01-31 18:01:06', '2024-01-31 18:01:06', '2025-01-31 18:01:06'),
('797b0883d71fa03e5822e6ce54c2df2b7fe9f05e3afbd390f643e361835ea0dc87ffbcd92ebbecc8', 12, 3, 'appToken', '[]', 0, '2024-01-27 21:44:50', '2024-01-27 21:44:50', '2025-01-27 21:44:50'),
('7a7475f2c22c0e71358be72bfc528bc07d6979c5a54428d7de5c333b3def3e5af0102149fbb44c8e', 15, 3, 'appToken', '[]', 0, '2024-02-14 17:17:30', '2024-02-14 17:17:30', '2025-02-14 17:17:30'),
('7b204cd9e47690f90c225316199bffc8ccee27c4ab451f0cebf52f89984659201fddc7e182bf4856', 12, 3, 'appToken', '[]', 0, '2024-01-31 22:58:46', '2024-01-31 22:58:46', '2025-01-31 22:58:46'),
('7bebc9ffbb3ad2716a922ff683b30a579413a15bfd402bd267b05adf22988807fb8506cfe1eeebe6', 12, 3, 'appToken', '[]', 0, '2024-01-28 08:56:06', '2024-01-28 08:56:06', '2025-01-28 08:56:06'),
('7c1587ed7d7c11ba3a02a5cc4d9e236654485e96812f4f42417a660565dca011ca46e646fdb6310e', 1, 3, 'appToken', '[]', 0, '2024-01-19 22:33:58', '2024-01-19 22:33:58', '2025-01-19 22:33:58'),
('7c57a27370d3ac3bc50e238e996efb032217db43f74272cb8a3459eb96a30ff422f37a6a0996d7c5', 12, 3, 'appToken', '[]', 0, '2024-01-28 08:45:47', '2024-01-28 08:45:47', '2025-01-28 08:45:47'),
('7d58b35a67abd9c536907e42d490d7cdb88509fda50f8fbab19ff8b2422eccd32926842ea8f04d67', 12, 3, 'appToken', '[]', 0, '2024-01-29 13:37:28', '2024-01-29 13:37:28', '2025-01-29 13:37:28'),
('7ddcf8e2298f80758582b19cab3411fccbe1153c821c202962ed16ddb710e09494a2516230aacafb', 12, 3, 'appToken', '[]', 0, '2024-01-27 21:13:40', '2024-01-27 21:13:40', '2025-01-27 21:13:40'),
('7e19f2358fad5051e2caafce7fd5bd5e228fdaf2015d9ac7ca5164920eec3d413a0f3b33f3dad9bc', 14, 3, 'appToken', '[]', 0, '2024-01-31 19:01:43', '2024-01-31 19:01:43', '2025-01-31 19:01:43'),
('7e30e2f72e95ca7da66476a7e4a2116759ed269396b9befbc3a3ae50091c37ed25f5c518a398f307', 12, 3, 'appToken', '[]', 0, '2024-01-29 22:29:20', '2024-01-29 22:29:20', '2025-01-29 22:29:20'),
('7f70ae69ff815ceb58b362dc49359edfb8ef6df53816beb588e39e8f385158ef7ab3d2af1684fc5c', 14, 3, 'appToken', '[]', 0, '2024-02-14 11:12:19', '2024-02-14 11:12:19', '2025-02-14 11:12:19'),
('801651ea803d9f38474ac66a0d9f62ba77a0d87372472c614867164ae03e6e22774c31c158b25b96', 1, 3, 'appToken', '[]', 0, '2024-01-26 13:34:22', '2024-01-26 13:34:22', '2025-01-26 13:34:22'),
('803617b6be44da5f1dad43bd9223cd6bcce3e54a55d33ea0867c8bc729a3f14fd944260514c286fa', 12, 3, 'appToken', '[]', 0, '2024-01-30 02:11:57', '2024-01-30 02:11:57', '2025-01-30 02:11:57'),
('816436de38392f92e342b91cd194960f157d86f23038477ceba8b9d5a8e01446bb9ab481e2e24290', 12, 3, 'appToken', '[]', 0, '2024-01-30 08:53:14', '2024-01-30 08:53:14', '2025-01-30 08:53:14'),
('816476234d49b6e3028dd90aa8c2aa42a9f22a95fea864c28729ec695da52e1f3a5e67f40168e82c', 14, 3, 'appToken', '[]', 0, '2024-02-05 10:21:31', '2024-02-05 10:21:31', '2025-02-05 10:21:31'),
('81663128fb065d164cceebdf0abd5f7c16ac2a0f5a84c3fc2bf214b30bb0b3ecd6392def386c4fcb', 12, 3, 'appToken', '[]', 0, '2024-02-03 01:16:00', '2024-02-03 01:16:00', '2025-02-03 01:16:00'),
('816946fbd2b799f67197e729041501767e48d63da6ad6bc28b8e6d6b97b9e576478be510abdd2817', 14, 3, 'appToken', '[]', 0, '2024-02-01 09:01:40', '2024-02-01 09:01:40', '2025-02-01 09:01:40'),
('827efb9f934a7f69f12be38327513f315c76255af463cc9fb51a54af31a73dcc6278d45558d28419', 12, 3, 'appToken', '[]', 0, '2024-01-30 02:32:34', '2024-01-30 02:32:34', '2025-01-30 02:32:34'),
('829f21c874443e695a7d115ce66327a0c80c91be46d20f3d91d055ebfdb79e2f5c85f46028934f08', 12, 3, 'appToken', '[]', 0, '2024-01-27 22:14:01', '2024-01-27 22:14:01', '2025-01-27 22:14:01'),
('82a423c2ed280bccf6bfc9da565cdb6ea962a99e0caf3c4d497aff9fc9ed438b91a8cf17ee98698d', 12, 3, 'appToken', '[]', 0, '2024-02-01 22:08:01', '2024-02-01 22:08:01', '2025-02-01 22:08:01'),
('83229b3cd926d34fb51455fc6bd0df7145fcc0701a2887b6beb2affb84a84cf38560c25e33726af7', 14, 3, 'appToken', '[]', 0, '2024-02-03 16:20:35', '2024-02-03 16:20:35', '2025-02-03 16:20:35'),
('843d189d8608ecf2f307f8667e2663ff23304f0f827b85ac157874b8a9c6b9281e1e9d419f4958e5', 12, 3, 'appToken', '[]', 0, '2024-01-27 21:10:35', '2024-01-27 21:10:35', '2025-01-27 21:10:35'),
('847003bb7b517815319df86a7363bd2123d1c5390af2ce00c376b92365d77c4110211e27049ad130', 12, 3, 'appToken', '[]', 0, '2024-02-02 20:00:56', '2024-02-02 20:00:56', '2025-02-02 20:00:56'),
('85285538f5a06028d68ffde8e57cd9b6a08a3c0b0d8154676d502d506de9faa0cf43975eef814544', 12, 3, 'appToken', '[]', 0, '2024-01-27 16:51:18', '2024-01-27 16:51:18', '2025-01-27 16:51:18'),
('854a087ae8aa38e0607e6ff57cf428214a8a62474155594d17e03981c554c80bb0cdfd300e3c7ed7', 12, 3, 'appToken', '[]', 0, '2024-02-01 16:18:27', '2024-02-01 16:18:27', '2025-02-01 16:18:27'),
('85c109817f3307c5af9a447717e59f2940825fd6547622704f17edc363184ae9fb99ffc5026ccf45', 12, 3, 'appToken', '[]', 0, '2024-01-28 12:04:36', '2024-01-28 12:04:36', '2025-01-28 12:04:36'),
('85de9be73fd66922524995ec62cfb81ba81a036cc90de3fd4578587bab17e1895a484f783e13d4e6', 15, 3, 'appToken', '[]', 0, '2024-02-14 17:48:02', '2024-02-14 17:48:02', '2025-02-14 17:48:02'),
('861a4bb02bea12e7ae43a9c7ca1970cc39d2005aa8b655fa1160f651bebc03f6b0cc6cfb03f64d0f', 14, 3, 'appToken', '[]', 0, '2024-02-03 02:30:42', '2024-02-03 02:30:42', '2025-02-03 02:30:42'),
('869e5dfdd15c08da828dc359e5a5d0e281b31f54d6d6ed30fc2ceddd7901995be9428b569b21e998', 12, 3, 'appToken', '[]', 0, '2024-02-03 01:22:45', '2024-02-03 01:22:45', '2025-02-03 01:22:45'),
('86bd397fd8a4c6b90ba5e48069d168a0c15b6da5146b0c1f803056c46cc34c26888e5224972e8f64', 14, 3, 'appToken', '[]', 0, '2024-02-03 01:49:43', '2024-02-03 01:49:43', '2025-02-03 01:49:43'),
('874d76e775f321dd15ad8df4dbabf181e5d13e4fd034e77fed8c95ea1ba290b35509d2d134df2690', 12, 3, 'appToken', '[]', 0, '2024-02-03 00:24:43', '2024-02-03 00:24:43', '2025-02-03 00:24:43'),
('87575417831e0e6775f23cdc8ebecb49250278111e0ca0a4011bc6bf62593bc75b61e72b437846ce', 15, 3, 'appToken', '[]', 0, '2024-02-17 13:09:56', '2024-02-17 13:09:56', '2025-02-17 13:09:56'),
('87d1dd8542bb4862bc03f97efe75a24f18709fa264aa8e7552bc6721dcc24fea5847e92a152b665a', 14, 3, 'appToken', '[]', 0, '2024-02-03 02:30:47', '2024-02-03 02:30:47', '2025-02-03 02:30:47'),
('88c6c596b3b5583728ed34de57189f4dcd4c807b856107b65c95554fae750d4e7183a4a79722d0ef', 12, 3, 'appToken', '[]', 0, '2024-01-31 21:52:44', '2024-01-31 21:52:44', '2025-01-31 21:52:44'),
('88dfde3f4ae645f2511d4b72e2d0a0a16535dcd2cd81753cab3c9ba1ec884e4022f74d1d0717e6f8', 12, 3, 'appToken', '[]', 0, '2024-02-02 17:05:51', '2024-02-02 17:05:51', '2025-02-02 17:05:51'),
('8a9136ee08b4cd6fee50426123c929bd5cedb518205486670d0b1409ae13b5dd1e40ad6e343a6e48', 1, 3, 'appToken', '[]', 0, '2023-12-27 16:49:42', '2023-12-27 16:49:42', '2024-12-27 18:49:42'),
('8b72879fbd45259cf9232e547e1464bb53a008dcf5dccc6c205b421ac55a8506226d50127f41d192', 12, 3, 'appToken', '[]', 0, '2024-02-03 00:30:22', '2024-02-03 00:30:22', '2025-02-03 00:30:22'),
('8bb2d9d43630165c525a1655f5376c62c932d63ed1dec508bdbed746041061fc225620bf3475adcb', 14, 3, 'appToken', '[]', 0, '2024-02-04 20:20:57', '2024-02-04 20:20:57', '2025-02-04 20:20:57'),
('8d76d11edf0f6c393c3ba5c8fbed8aabf03bbdf4450c663711bd512542c3dcc2f22950fb3b117c9b', 12, 3, 'appToken', '[]', 0, '2024-01-29 14:48:41', '2024-01-29 14:48:41', '2025-01-29 14:48:41'),
('904af9f197976226136ef2534f33e615758b2bc40bce5feaab0940463e099661aa404ce603dd36bd', 12, 3, 'appToken', '[]', 0, '2024-01-27 21:07:19', '2024-01-27 21:07:19', '2025-01-27 21:07:19'),
('90813b4a543cb8f7e584798df04ea08e7363dc8b5fa003b4033d5165a5435b70b13be7d7ec0f222f', 12, 3, 'appToken', '[]', 0, '2024-01-30 02:11:38', '2024-01-30 02:11:38', '2025-01-30 02:11:38'),
('91348e7ef2704873e5a3b27665a5f1327ba0f0b966ff85fba0a004185ccdad0672a8a68aa50291f3', 12, 3, 'appToken', '[]', 0, '2024-02-02 16:48:04', '2024-02-02 16:48:04', '2025-02-02 16:48:04'),
('917eb2b6f91a5bacc1370fd7e55716582f55bb308acecb29fa93f044cbb44b5a4e6cf271dc6fd118', 12, 3, 'appToken', '[]', 0, '2024-01-31 22:29:53', '2024-01-31 22:29:53', '2025-01-31 22:29:53'),
('91fa4bec171a67cdee3ae7170d7f08c1a385aed1fa82a54629ab31828155f8ec074deeb483892e89', 1, 3, 'appToken', '[]', 0, '2024-01-26 23:18:03', '2024-01-26 23:18:03', '2025-01-26 23:18:03'),
('9270e5e1b1151dec671e59a3ac9cfc8c07eb17e23459f7d878330fc65f58655e0494a2f3626c7317', 12, 3, 'appToken', '[]', 0, '2024-02-03 00:09:20', '2024-02-03 00:09:20', '2025-02-03 00:09:20'),
('9281f5af14043b33eb871ec19c14fa24714e361f301d32bcb338d16c95ee09e523b7faded6200c4b', 12, 3, 'appToken', '[]', 0, '2024-02-03 00:53:46', '2024-02-03 00:53:46', '2025-02-03 00:53:46'),
('9312303ad478e455044c02fe1f38d428aeebc516f31e7729aa077da729f24af15d0afda5655e2e24', 14, 3, 'appToken', '[]', 0, '2024-02-03 16:28:18', '2024-02-03 16:28:18', '2025-02-03 16:28:18'),
('934965fd9d28dd9eae71fff34048860b53beb1e041e16530efa3af584da2219267cf5c6fb3c21daa', 12, 3, 'appToken', '[]', 0, '2024-01-31 20:59:36', '2024-01-31 20:59:36', '2025-01-31 20:59:36'),
('93e9b29f3fffeff5cfe9c5f8bf5016012692dd1820983eb484a3616e29431f31240bfd4beaf7f654', 14, 3, 'appToken', '[]', 0, '2024-02-02 19:24:39', '2024-02-02 19:24:39', '2025-02-02 19:24:39'),
('94d43e53f24366ff807e30d1b33d11db1094957f08d3b4b2e62e013dfa6962d36f5eb97edd747a97', 1, 3, 'appToken', '[]', 0, '2024-01-26 17:50:09', '2024-01-26 17:50:09', '2025-01-26 17:50:09'),
('9603c66028975621ad40d18d4a452a970dfa09b669f34b953554f4d5b6cdf147444d525252664990', 12, 3, 'appToken', '[]', 0, '2024-01-27 16:57:47', '2024-01-27 16:57:47', '2025-01-27 16:57:47'),
('96f3c3896b025459947f9fb6b55e2f789af81024be2ad7c425beccc04744fedd8890986344635dc1', 12, 3, 'appToken', '[]', 0, '2024-02-02 14:53:52', '2024-02-02 14:53:53', '2025-02-02 14:53:52'),
('9726e8969679ac24b10ab78b0e9b201291358b8fed0d891808585c0474e4f0ca97ee39a0fc1e431a', 12, 3, 'appToken', '[]', 0, '2024-02-02 16:44:34', '2024-02-02 16:44:34', '2025-02-02 16:44:34'),
('97a5e0f4d4ad8cb43bdc88cefeef4cf9e1e8d2bc688c7c2fadc6b4ffda6c9aa2ba8e515d85bdb8a6', 1, 3, 'appToken', '[]', 0, '2024-01-19 22:48:23', '2024-01-19 22:48:23', '2025-01-19 22:48:23'),
('998cade9c4f610bf64508865a046ee546db927f344f3fe3aa28eb23962f8d79018041e240bada05d', 12, 3, 'appToken', '[]', 0, '2024-02-01 16:25:12', '2024-02-01 16:25:12', '2025-02-01 16:25:12'),
('9a03a7bbb9e958b9b856c0bd09ebb7623db8ce63f4e8ccbd88a9827e44bfb21d34f9d8145be5ab77', 12, 3, 'appToken', '[]', 0, '2024-02-02 19:54:33', '2024-02-02 19:54:33', '2025-02-02 19:54:33'),
('9a2b7c1bcaf1508d814a00252c03dbddc020b7dcde146d8f729684f1016b13ca8ba4ac45b3ef0ff2', 12, 3, 'appToken', '[]', 0, '2024-02-01 16:25:44', '2024-02-01 16:25:44', '2025-02-01 16:25:44'),
('9b309bcc4e6c17e5a23f67b61e58fbc310f8774e824c8204b06e7621e22a4e683776825024878e26', 12, 3, 'appToken', '[]', 0, '2024-01-31 17:54:33', '2024-01-31 17:54:33', '2025-01-31 17:54:33');
INSERT INTO `oauth_access_tokens` (`id`, `user_id`, `client_id`, `name`, `scopes`, `revoked`, `created_at`, `updated_at`, `expires_at`) VALUES
('9ca828ece48ff6cf069c059e312aa532558b83a7d131ea8f949fea9ed2778128f70d44c383538000', 12, 3, 'appToken', '[]', 0, '2024-01-31 22:09:32', '2024-01-31 22:09:32', '2025-01-31 22:09:32'),
('9d6a8aa4f3bf715e6a8d5c91e97208b0ea5991e47329b76b91fe6ea3c60ab0b416bf76d7a2e60c91', 12, 3, 'appToken', '[]', 0, '2024-01-30 02:20:05', '2024-01-30 02:20:05', '2025-01-30 02:20:05'),
('9da1562a230ea50b1aa0e1732a59e0cff8545cadd4acd027f62326e94f065500fc05007f8b32c1ac', 14, 3, 'appToken', '[]', 0, '2024-01-30 19:23:34', '2024-01-30 19:23:34', '2025-01-30 19:23:34'),
('9dccdaf1ac01beb599c3ddae53e635ae2ad7c92736bcea3ea4209d1984d50b15fe3d1e24ee00e880', 1, 3, 'appToken', '[]', 0, '2024-01-27 14:27:58', '2024-01-27 14:27:58', '2025-01-27 14:27:58'),
('9dec92d0388533d476d47c81f0c628da9dd384d96a5ae939ff84064e9f3a4a557a7edd0c621b9e90', 12, 3, 'appToken', '[]', 0, '2024-01-31 22:50:34', '2024-01-31 22:50:34', '2025-01-31 22:50:34'),
('9def96a918a87c5c7923a2a3b444f39c65a1433135095dc3469f9db71dd04b8980a9ff4ab604d861', 14, 3, 'appToken', '[]', 0, '2024-02-03 12:34:14', '2024-02-03 12:34:14', '2025-02-03 12:34:14'),
('9e8d38957771b5832f7532434355eb569711dcf1939366df685bed2d1a2dde1f7de1b8715f8602a1', 12, 3, 'appToken', '[]', 0, '2024-01-30 01:04:55', '2024-01-30 01:04:55', '2025-01-30 01:04:55'),
('9eb45d141c48f77023b2e9c709649440a3f525f389777607ebf4cd69bb3dcf2e4c92c4031f425304', 14, 3, 'appToken', '[]', 0, '2024-02-04 15:28:05', '2024-02-04 15:28:05', '2025-02-04 15:28:05'),
('9ece2aa2511df3e5e8ec68265327d0cf9d53cf9799307590bbc68c1ca43f6ae9e33c63d33e96e16b', 12, 3, 'appToken', '[]', 0, '2024-02-01 21:19:41', '2024-02-01 21:19:41', '2025-02-01 21:19:41'),
('9f366138e47a1955438429df3b76bfbae2bbcda5747a11053896b8bd1414bcc5ce4960a071302e27', 1, 3, 'appToken', '[]', 0, '2024-01-26 18:25:09', '2024-01-26 18:25:09', '2025-01-26 18:25:09'),
('9f677d9c46a4f1ab24d7299d12f74ffa12353b688a1b862569285add14837c38907ac17161e0dd61', 12, 3, 'appToken', '[]', 0, '2024-01-27 22:44:28', '2024-01-27 22:44:28', '2025-01-27 22:44:28'),
('9f85a1368eef09e588d1d29f4f7a536c852fc446bd2af7dc6f9f044f09fa65e076e2d93a88fa8785', 12, 3, 'appToken', '[]', 0, '2024-01-27 22:25:04', '2024-01-27 22:25:04', '2025-01-27 22:25:04'),
('9febb921d197122dc6dc01cb892821183eaf6ef7fe1ccaee45f3943e76618bff63c0a03f262ede2f', 12, 3, 'appToken', '[]', 0, '2024-01-29 23:42:55', '2024-01-29 23:42:55', '2025-01-29 23:42:55'),
('9ff806947df7999d6940f63cc49a3bb61cae5002689adb4c51e5b74537bf2d519f6667bfcae749cb', 12, 3, 'appToken', '[]', 0, '2024-01-31 15:19:03', '2024-01-31 15:19:03', '2025-01-31 15:19:03'),
('a20c4b583bcba7ec0329fbf5f67764fc5ffba5e23a0c0ffb48fc675c366de37f6763121e56ec1ad2', 14, 3, 'appToken', '[]', 0, '2024-02-03 16:16:54', '2024-02-03 16:16:54', '2025-02-03 16:16:54'),
('a22c6d73c1b77123aa7513f52f6cc0107a34613df088d9b05cdf2472c22258cc5f5be4197dd84eb2', 1, 3, 'appToken', '[]', 0, '2024-01-06 16:52:24', '2024-01-06 16:52:24', '2025-01-06 16:52:24'),
('a256c747c1e6d843c38706bc2806aa70079e262d2093971147d9009863eadbccb59311ab4337034c', 14, 3, 'appToken', '[]', 0, '2024-02-03 15:55:01', '2024-02-03 15:55:01', '2025-02-03 15:55:01'),
('a275131b3809481a0d744161c80b9572d6249293e73f5ae18484248c4f3372a196bc6711c36f7ddb', 12, 3, 'appToken', '[]', 0, '2024-01-30 15:07:57', '2024-01-30 15:07:57', '2025-01-30 15:07:57'),
('a396391fc238f87b0325db799449f15df9e7ef89a8572d0f94261802ea152dc093ed35507acc3441', 12, 3, 'appToken', '[]', 0, '2024-01-27 16:47:15', '2024-01-27 16:47:15', '2025-01-27 16:47:15'),
('a425e0895fbc7311ade64ccf93d06cd8bf7a6f02c3f1f7f6ab149393ded0b97b62e5897fb080ef6a', 12, 3, 'appToken', '[]', 0, '2024-01-30 15:02:46', '2024-01-30 15:02:46', '2025-01-30 15:02:46'),
('a471b0918da71f288173c7957b40f99eda8c689b8c741ebf59ac844c9f881c15870bfac5d6dcf5a5', 12, 3, 'appToken', '[]', 0, '2024-01-28 12:18:22', '2024-01-28 12:18:22', '2025-01-28 12:18:22'),
('a4ae219cca9dce5916e8ff193f05326c41c2cc1b019727377e4125f1633c668f9a862adaa77eda66', 1, 3, 'appToken', '[]', 0, '2024-01-26 12:34:06', '2024-01-26 12:34:06', '2025-01-26 12:34:06'),
('a503bfd4af58fc5161de0a61a5c253cb390f642193210f182b70790f849f8399ca25425f656afb3f', 12, 3, 'appToken', '[]', 0, '2024-01-29 14:26:04', '2024-01-29 14:26:04', '2025-01-29 14:26:04'),
('a584262953ff9589977db6092f8ac85b1fc9c377886de3bf46e4133c9ec3bac525706fa4e227226c', 12, 3, 'appToken', '[]', 0, '2024-01-29 13:26:25', '2024-01-29 13:26:25', '2025-01-29 13:26:25'),
('a5bd37bc0c273a2beb4979e1cb848bde833a8fbcfa0089bbf8b0b0c8c9bd08c07cdfcf1eb8718e13', 12, 3, 'appToken', '[]', 0, '2024-02-03 00:03:34', '2024-02-03 00:03:34', '2025-02-03 00:03:34'),
('a6271549217057cead062739e137afc20d59907b7e3f442137f46c449b5ba9e47cf8c8b48826eec3', 12, 3, 'appToken', '[]', 0, '2024-01-29 23:46:28', '2024-01-29 23:46:28', '2025-01-29 23:46:28'),
('a66b5c9bee37bbf5227924bd0fe2d716908d7aa82496f3061392a4c7ae9a3445cee406f1ab61ee04', 15, 3, 'appToken', '[]', 0, '2024-02-15 22:26:55', '2024-02-15 22:26:55', '2025-02-15 22:26:55'),
('a689031c7b412bd4f2fc5a987c7ba9d59e71d0fe95b41c599e26eb15a7262d7bf8d27925af26dc2e', 12, 3, 'appToken', '[]', 0, '2024-01-31 21:59:43', '2024-01-31 21:59:43', '2025-01-31 21:59:43'),
('a68cefa96306878f6637a07c386f190732ccb610be934f9fc96cfa6aa971aefc0f2a152759193b9c', 12, 3, 'appToken', '[]', 0, '2024-01-30 02:11:07', '2024-01-30 02:11:07', '2025-01-30 02:11:07'),
('a701e82e521682adfcc2f0716efaef447bbe67260b3ae1f28627f574b0acf7c99aa75b14c098a368', 12, 3, 'appToken', '[]', 0, '2024-01-27 20:26:14', '2024-01-27 20:26:14', '2025-01-27 20:26:14'),
('a76def62f39251ae3d24db663adf444406ccbce8974b7d74b396199e76ccb004c9ba29832b3c9f34', 1, 3, 'appToken', '[]', 0, '2024-01-26 18:07:58', '2024-01-26 18:07:58', '2025-01-26 18:07:58'),
('a8ae4efec470fec71174acd048a587cb9a842fccc3aaae8e598772f5a63021172e24083a2d8b9f15', 12, 3, 'appToken', '[]', 0, '2024-01-29 15:02:50', '2024-01-29 15:02:50', '2025-01-29 15:02:50'),
('a8df79dd211fb961b5baa09a88e8bd1efd4a552aba07e4005ee99f3d5c08f153a48de13188fdbdc5', 15, 3, 'appToken', '[]', 0, '2024-02-14 17:46:18', '2024-02-14 17:46:18', '2025-02-14 17:46:18'),
('a919bb94cb67c0e9c59584296319467cb155b28044d35351b2b3bd9838e7fe7f7ccd92b8d3f6b1c1', 14, 3, 'appToken', '[]', 0, '2024-02-04 16:19:28', '2024-02-04 16:19:28', '2025-02-04 16:19:28'),
('a95b7387d0af44b80531806efe205212940539c771ffd3e1c462a97c533eeaef6422e159f503af4a', 12, 3, 'appToken', '[]', 0, '2024-01-27 21:14:11', '2024-01-27 21:14:11', '2025-01-27 21:14:11'),
('ab6df42b614caf44e8a41e99b2df7a0a1a9cbecab85e4ed04385bec33d45840a0c72730a22235232', 15, 3, 'appToken', '[]', 0, '2024-02-14 17:29:08', '2024-02-14 17:29:08', '2025-02-14 17:29:08'),
('ab748467dced4e9af1f25d5ab42990cfcb24443f745613813d72139477cfaec9fe2738cc17fa74c6', 1, 3, 'appToken', '[]', 0, '2024-01-26 13:09:23', '2024-01-26 13:09:23', '2025-01-26 13:09:23'),
('ac19eb1e683fbe05c8122964b7922a66a5468ce8d61740703ecf4839e136b961ca20e219cccba544', 12, 3, 'appToken', '[]', 0, '2024-01-28 08:32:49', '2024-01-28 08:32:49', '2025-01-28 08:32:49'),
('aca6d3aa0182594cfad00ec2e10641bc6d1d18e7a2b0d863f29fb5d86e028154c3a0644609b98e28', 12, 3, 'appToken', '[]', 0, '2024-01-29 14:45:12', '2024-01-29 14:45:12', '2025-01-29 14:45:12'),
('acbde3b2ab94209fa1f81a544a3b70d9598dfe550bad8649bc7f9c3d576b1ae21da131c7df678ddb', 12, 3, 'appToken', '[]', 0, '2024-01-27 18:08:08', '2024-01-27 18:08:08', '2025-01-27 18:08:08'),
('acf26559f18f2a01ff414590daf5991be5a7be52c1d372dfc2d42d2b414cc82ffe6fc35af3420969', 12, 3, 'appToken', '[]', 0, '2024-02-02 23:34:01', '2024-02-02 23:34:01', '2025-02-02 23:34:01'),
('ae53b5025be95dd0f7033b9a14d6cbdffc1a81a79679bc89bfb1e701d9d5b6d47f16fcb543896adb', 1, 3, 'appToken', '[]', 0, '2024-01-26 12:57:02', '2024-01-26 12:57:02', '2025-01-26 12:57:02'),
('aea33ea6e47a17630c491093035c7444d9fd681e2aacd7fb8bb2d4daddddce69529b50dd72d8ca92', 12, 3, 'appToken', '[]', 0, '2024-02-01 16:24:24', '2024-02-01 16:24:24', '2025-02-01 16:24:24'),
('b0092cbecfb48f4be849af236c1a16bbc61aca92004a1714a9d0bd79cd3df307db0f30dd228effce', 12, 3, 'appToken', '[]', 0, '2024-01-30 02:01:42', '2024-01-30 02:01:42', '2025-01-30 02:01:42'),
('b24dec5edf3462072751a18f4f58ea862427aea9f07908dd8b186a258a175e8fbfbe61cf04a1c07f', 1, 3, 'appToken', '[]', 0, '2024-01-16 15:11:29', '2024-01-16 15:11:29', '2025-01-16 17:11:29'),
('b25a48d9523bb3bbd150f97c38d54253f3613b1129e2105811efffee1c5d63dc2b498c010b23c629', 14, 3, 'appToken', '[]', 0, '2024-02-03 12:33:23', '2024-02-03 12:33:23', '2025-02-03 12:33:23'),
('b3ee82ae9a5ef33e7eb51fb950c9a6147286e094bb7ce12036b52269659f7f35ec5d9549784bdf5b', 1, 1, 'appToken', '[]', 0, '2023-12-22 20:58:16', '2023-12-22 20:58:18', '2024-12-22 22:58:16'),
('b5d84d6810c04b587fec6b4382a6b1bf6e461fa9938f56c5820c54862dbd4008dbd46fe8d58c721b', 12, 3, 'appToken', '[]', 0, '2024-01-30 15:16:18', '2024-01-30 15:16:18', '2025-01-30 15:16:18'),
('b6250676d16d656f5b7884de9a2b2994310becc3066c6e9f385042819f83a1ff878fa3b8ad1427ef', 12, 3, 'appToken', '[]', 0, '2024-01-27 22:45:29', '2024-01-27 22:45:29', '2025-01-27 22:45:29'),
('b6acda1df3b0f436287289a699bd4d5314b352def1e8fb2899c2f4765907c2fe35696d8bef928ecd', 15, 3, 'appToken', '[]', 0, '2024-02-13 17:19:36', '2024-02-13 17:19:36', '2025-02-13 17:19:36'),
('b87fba037ec2128447d5c223b9bc1469a05f578c9897d67cf6b232c5b890bfb66787db0ec5b8d189', 12, 3, 'appToken', '[]', 0, '2024-01-27 21:47:04', '2024-01-27 21:47:04', '2025-01-27 21:47:04'),
('bac0f0a51e23d89d463b908fc969bbd0c1ac240b2635f112a4d0ea358500aae8446060ad05744e4b', 12, 3, 'appToken', '[]', 0, '2024-02-02 17:06:55', '2024-02-02 17:06:55', '2025-02-02 17:06:55'),
('bae781f34a421d6390a93c96231f0b2b6e3f46e8a9db0ce069a0cb68eb1db1db2d2c5025230b7e23', 15, 3, 'appToken', '[]', 0, '2024-02-16 13:45:31', '2024-02-16 13:45:31', '2025-02-16 13:45:31'),
('bb8dd15dafe69f8ee01c8a93bb1341f0a72cda7126da14aa48c6c0b04fea2141d40eaa071efa91c4', 1, 3, 'appToken', '[]', 0, '2024-01-26 17:57:43', '2024-01-26 17:57:43', '2025-01-26 17:57:43'),
('bb983cf7d5ebaa5eff7637ecd6698f09acc5ea6f691e6eff99b72690a170a6fe09f7a785866fe1c5', 12, 3, 'appToken', '[]', 0, '2024-01-31 20:55:55', '2024-01-31 20:55:55', '2025-01-31 20:55:55'),
('bcbf844efd38d8c37bb1dafbd38c3dc2924c853ffd38f1773c9ae2decef8c7d847434286cd35b39a', 14, 3, 'appToken', '[]', 0, '2024-02-14 09:24:12', '2024-02-14 09:24:12', '2025-02-14 09:24:12'),
('bce227067ad932aae3ec88e36dc6bfd5eec18eca6816115eb4816ec20d97020aae54b9a5e4927a87', 12, 3, 'appToken', '[]', 0, '2024-02-02 20:24:44', '2024-02-02 20:24:44', '2025-02-02 20:24:44'),
('bd66fdc0f87720c68af7bab0e5a394bab39a8f7fc450568efad31e1834e8c5e1f30962890c77be62', 12, 3, 'appToken', '[]', 0, '2024-01-29 13:33:57', '2024-01-29 13:33:57', '2025-01-29 13:33:57'),
('bdd8aeb21ab6a0ea749b3f1ccebc3fe3da2e436559c732d8239a766397e0fd7a649d166a9579532e', 14, 3, 'appToken', '[]', 0, '2024-02-03 01:35:56', '2024-02-03 01:35:56', '2025-02-03 01:35:56'),
('bde4258567d0515d0257489d9b37fcde70b9d5f56908ff27784c517122f90a3032d699ede446007e', 12, 3, 'appToken', '[]', 0, '2024-02-03 01:17:44', '2024-02-03 01:17:44', '2025-02-03 01:17:44'),
('bdfad05aaa515a17ef6aa0642da873d7a983782622818a772d0439582b6d1a4916df1f370b28dd9b', 12, 3, 'appToken', '[]', 0, '2024-01-31 21:03:57', '2024-01-31 21:03:57', '2025-01-31 21:03:57'),
('be74a901c2310f15c48b3b5e124222e7c172ebd9209b689effd320e2f6755f362ef259b7b97628dc', 12, 3, 'appToken', '[]', 0, '2024-02-02 17:28:08', '2024-02-02 17:28:08', '2025-02-02 17:28:08'),
('bece51e82d01733f99099e4eade6e5371d167d3ec8903eedea78a95ae361aa529e7f6a58aae07b23', 11, 3, 'appToken', '[]', 0, '2024-01-26 02:10:21', '2024-01-26 02:10:21', '2025-01-26 02:10:21'),
('bfa4756ff66a7697c23d3d39689ac203cbf6810ec274e8e1b904f4cdd41df9b4a267c9f1a63ecfb5', 14, 3, 'appToken', '[]', 0, '2024-02-11 11:05:43', '2024-02-11 11:05:43', '2025-02-11 11:05:43'),
('bfb21ab2adac0db718d7312d9cfd56cefca4df183c5e8a8650c7befe87b0d647f391f8fe117bdcb9', 12, 3, 'appToken', '[]', 0, '2024-01-31 22:31:02', '2024-01-31 22:31:02', '2025-01-31 22:31:02'),
('c05a744a9ae528dc52f6cc4f0714f2879a1f5117ff2ce4eebfb4f5ffb6c141f787d225534781baf1', 12, 3, 'appToken', '[]', 0, '2024-01-28 12:36:15', '2024-01-28 12:36:15', '2025-01-28 12:36:15'),
('c0fd778fcbd01044a4fd21a47b8cfd9998113bfa405678e0395e7eb0f878923ef4c3aeab84da6709', 14, 3, 'appToken', '[]', 0, '2024-02-10 16:54:08', '2024-02-10 16:54:08', '2025-02-10 16:54:08'),
('c1878fb912a379b1977deb6caca40a3dcc498be75c87bf17468b9588c04093fa3583f5247ae3dba6', 14, 3, 'appToken', '[]', 0, '2024-02-09 20:59:00', '2024-02-09 20:59:00', '2025-02-09 20:59:00'),
('c1dcc506afff8a46698b9f664f9315ba2df3f199030ace02caf8dc564e848fe98698d867ab5dfac7', 12, 3, 'appToken', '[]', 0, '2024-01-27 16:42:58', '2024-01-27 16:42:58', '2025-01-27 16:42:58'),
('c26a2b839b375231de331fe437d151e202bd6831ea4cfd15feb283718c32e213e236c6a362e4bd34', 12, 3, 'appToken', '[]', 0, '2024-01-28 08:56:32', '2024-01-28 08:56:33', '2025-01-28 08:56:32'),
('c318164e1b4a6c16cb1169c6258af682ddc7801a242139182e4f9e7426ca18a06134de8008a53d23', 12, 3, 'appToken', '[]', 0, '2024-02-02 23:56:25', '2024-02-02 23:56:25', '2025-02-02 23:56:25'),
('c377175f16ccbda4f184db06a7c97bb182927b81ca2720f9abc32a63c7ab373119e1bcd1fe15a2ca', 12, 3, 'appToken', '[]', 0, '2024-02-01 16:11:58', '2024-02-01 16:11:58', '2025-02-01 16:11:58'),
('c386c2e5922ce8c3be7fcb8964da3783ad53d008bdea3b3e2f58a7913695bc7093830e5f51605a0c', 14, 3, 'appToken', '[]', 0, '2024-02-06 17:15:35', '2024-02-06 17:15:35', '2025-02-06 17:15:35'),
('c4098b01d34d17e50b35ff8a1070aa4b09b757da63e929e4995aecbd24ba09d97f00da57e57c3959', 12, 3, 'appToken', '[]', 0, '2024-02-01 16:04:39', '2024-02-01 16:04:39', '2025-02-01 16:04:39'),
('c51bfcccce601e3d778163b15136c5334f1f93fd822a6429698456947bd60a6d2cff1ccc6dcbf060', 14, 3, 'appToken', '[]', 0, '2024-02-12 18:04:29', '2024-02-12 18:04:29', '2025-02-12 18:04:29'),
('c55feac5acf6323fa75e01fa89b2dd213d0dca39205e471ba731d374e8053fe16efc530cef12f1d4', 12, 3, 'appToken', '[]', 0, '2024-01-29 15:01:15', '2024-01-29 15:01:15', '2025-01-29 15:01:15'),
('c57bdfec36c2d875d7756f26f14d5a051319f62398177e96979a0d3206f8f46ac755685ea910baae', 12, 3, 'appToken', '[]', 0, '2024-02-03 00:24:02', '2024-02-03 00:24:02', '2025-02-03 00:24:02'),
('c6150e1c29197e3ff936e0a03916ea3ec75f4e995cb443e0bdf1bbb4faabca0d637ec12034bc8ad8', 14, 3, 'appToken', '[]', 0, '2024-02-11 10:43:29', '2024-02-11 10:43:29', '2025-02-11 10:43:29'),
('c6cf86c39bf11e429ab603d16c1a876b7b3a76b0265c26582e37813cbb711b5e1b9d67680144de42', 14, 3, 'appToken', '[]', 0, '2024-02-06 17:52:17', '2024-02-06 17:52:17', '2025-02-06 17:52:17'),
('c7729f00ea4c38ce76edb199ccf8efa59011a05c1349bee4a240e72326cdfde26b53a91e9142df75', 12, 3, 'appToken', '[]', 0, '2024-01-28 11:45:42', '2024-01-28 11:45:42', '2025-01-28 11:45:42'),
('c8bf2452be194c50acbc7eb924921ab99234818daadd28795cd7d586a56a09ab07dea838112ced5f', 12, 3, 'appToken', '[]', 0, '2024-02-03 00:36:10', '2024-02-03 00:36:10', '2025-02-03 00:36:10'),
('ca1b2e746d199c11287ebf92081cd5c1be73c5456bed55504aa2adff63400b01907381349c6c084c', 14, 3, 'appToken', '[]', 0, '2024-02-10 16:58:44', '2024-02-10 16:58:44', '2025-02-10 16:58:44'),
('cba6c293e9b9b8fad1b997e17725df037197ca9a5f110ef5c25f85f180ceadfaaed3e2ed0ad36f45', 12, 3, 'appToken', '[]', 0, '2024-01-31 21:06:14', '2024-01-31 21:06:14', '2025-01-31 21:06:14'),
('cc5c9ebfbcbfa86b67705e1bd12c8d6f2833372c321adf40c9665401e8a82f3b0b8aab456bdf47c4', 12, 3, 'appToken', '[]', 0, '2024-01-27 16:54:58', '2024-01-27 16:54:58', '2025-01-27 16:54:58'),
('ccc6d06fc27e526db884da5c858139dc137b3e59fbb69cc0ec0aaab560f5365f9beddd983491ecbc', 12, 3, 'appToken', '[]', 0, '2024-02-03 00:23:25', '2024-02-03 00:23:25', '2025-02-03 00:23:25'),
('cd747ab7bd37118fd75e2365d7342542f2afcf7125e0928778fa1e94ee1e1f3d40bc6ddbace52679', 14, 3, 'appToken', '[]', 0, '2024-02-03 02:19:27', '2024-02-03 02:19:27', '2025-02-03 02:19:27'),
('ce1d5a3b3edb6aba1da0af9b7815f2a27c24fa98b8dfe115dbc5da31990ac291a48399165f3ff19b', 12, 3, 'appToken', '[]', 0, '2024-02-02 16:52:23', '2024-02-02 16:52:23', '2025-02-02 16:52:23'),
('ce3673f9da7a0379449cc5d41f303986d180d162dad62dac65a43e191a8864cf0b809710fce4f347', 12, 3, 'appToken', '[]', 0, '2024-02-03 00:05:39', '2024-02-03 00:05:39', '2025-02-03 00:05:39'),
('ce4dba82e440955128e926943406883e1db6fbabf130e7db0fc468cbd8881f10f1c20e3236ac22e8', 12, 3, 'appToken', '[]', 0, '2024-02-01 16:20:00', '2024-02-01 16:20:00', '2025-02-01 16:20:00'),
('ce9788084589d5282915c5b94306675cb1fe886dacf706c1ae93847acec1f8f5f5f36f3e7968d01c', 12, 3, 'appToken', '[]', 0, '2024-02-02 13:34:59', '2024-02-02 13:34:59', '2025-02-02 13:34:59'),
('cef5b1d91ca84fd3019ce579761a065cf54efdc0a18d732b959c0c357c4df8ef26327fffb948ea86', 15, 3, 'appToken', '[]', 0, '2024-02-16 13:05:42', '2024-02-16 13:05:42', '2025-02-16 13:05:42'),
('cefbb15aa0e8a895578ec8cdf9412e1e7995d01bda84539dfc4c1bd2fec843cc382c753ed6879cd2', 1, 3, 'appToken', '[]', 0, '2024-01-26 18:09:29', '2024-01-26 18:09:29', '2025-01-26 18:09:29'),
('cf0cfe3b788ced6c4d9162cd347453f1afc8b115d3f068b0659dc8161c4f755ac3fb1238fc884160', 12, 3, 'appToken', '[]', 0, '2024-01-28 12:23:09', '2024-01-28 12:23:09', '2025-01-28 12:23:09'),
('cf60c62143fc8bb39e2dc3622b35c62debc309fba3daba57a2079620f2a506a308bcd2be3fa0af9a', 12, 3, 'appToken', '[]', 0, '2024-01-30 02:18:13', '2024-01-30 02:18:13', '2025-01-30 02:18:13'),
('d07d1bbee1b78db0b5a1d0f9656943dff17e0833cd69669c3fa03aff09c269a478f25dd54be588a7', 12, 3, 'appToken', '[]', 0, '2024-01-31 18:53:03', '2024-01-31 18:53:03', '2025-01-31 18:53:03'),
('d0941a954af5be697a39931072476afc2ecdefab422b757d03490eff5bb7ec6f0b581ce31b433772', 12, 3, 'appToken', '[]', 0, '2024-01-28 12:05:48', '2024-01-28 12:05:48', '2025-01-28 12:05:48'),
('d11337be266e947b4cd8a6fa195f189514ffe4ca80a856f50b80ac2df60859ec30c3c3f2f400a5be', 12, 3, 'appToken', '[]', 0, '2024-02-01 10:11:12', '2024-02-01 10:11:12', '2025-02-01 10:11:12'),
('d1dc0f54d4f90b0ab494866b0226c4a1c5c6e5b3a4c6d4c13c8f9811f412942a7e945eaf0ca33f69', 1, 3, 'appToken', '[]', 0, '2024-01-26 12:21:39', '2024-01-26 12:21:39', '2025-01-26 12:21:39'),
('d24a61f342d025d5419c3166eed19a6b6655bf0e72183e82e5b717ea5309e658cf37693bcf9c6f2c', 1, 3, 'appToken', '[]', 0, '2024-01-17 19:14:19', '2024-01-17 19:14:19', '2025-01-17 19:14:19'),
('d28ff3770b03ab4deeae1cae744dbc7b5864a02bf29a08a9f6053d2807b6cf7ee525411b10b21d0b', 12, 3, 'appToken', '[]', 0, '2024-02-02 19:51:48', '2024-02-02 19:51:48', '2025-02-02 19:51:48'),
('d2c3704bbe1ffef8488e9bb24c1744c889554f2d132028a192b3621f8c9234bc7b519f9cc22ede3c', 12, 3, 'appToken', '[]', 0, '2024-01-28 12:19:29', '2024-01-28 12:19:29', '2025-01-28 12:19:29'),
('d2dca088a2d7e3a452b5c3e409da068311af79618ff775c89885c6ccdc11d2bc9a43bfc00d27644f', 12, 3, 'appToken', '[]', 0, '2024-02-02 23:34:49', '2024-02-02 23:34:49', '2025-02-02 23:34:49'),
('d2f9335521ea85c56d80d5bc2a7d3f4f331ac458cdcefe09aa2694d2aea2db4ec8d882f8fe4cc828', 12, 3, 'appToken', '[]', 0, '2024-01-31 21:07:33', '2024-01-31 21:07:33', '2025-01-31 21:07:33'),
('d32645a5520609699a484c6bf4d021311948a827f62269b25782e6d170d32a1013e7db484de55367', 12, 3, 'appToken', '[]', 0, '2024-01-31 17:51:50', '2024-01-31 17:51:50', '2025-01-31 17:51:50'),
('d3818e7d6c92bd8c859455f0d8791fbf88cb9909cab6fb755819c836f72221589859827ad63cee62', 12, 3, 'appToken', '[]', 0, '2024-01-31 15:08:44', '2024-01-31 15:08:45', '2025-01-31 15:08:44'),
('d3bd26bca32ecab8990dae8f3d546ec1288a5f27a4741a568623c7481a5a9ba956a1a498691a8598', 12, 3, 'appToken', '[]', 0, '2024-01-28 08:57:39', '2024-01-28 08:57:39', '2025-01-28 08:57:39'),
('d483509626402662a5c281eac5299f4ec1647799d7008d1556beac7a424f5a5869995bffaf754bf6', 12, 3, 'appToken', '[]', 0, '2024-02-03 00:05:11', '2024-02-03 00:05:11', '2025-02-03 00:05:11'),
('d4d845210a9e4e2530f41f5de526230d6478d350aa86a5218437673a6606615f4c79dddc2f93c305', 14, 3, 'appToken', '[]', 0, '2024-02-04 16:19:56', '2024-02-04 16:19:56', '2025-02-04 16:19:56'),
('d4db1629c8b4399e1a801afb32ac9b521cfe427e5b9f7eb4029913a52f81ebf02a7102f545ad0fa3', 12, 3, 'appToken', '[]', 0, '2024-01-31 22:39:09', '2024-01-31 22:39:09', '2025-01-31 22:39:09'),
('d542d389facb1bb1b11e29ae5b72e9afa1e178e6c1ecbe13bf522e83439a8c0d6019d2a66944d3a0', 12, 3, 'appToken', '[]', 0, '2024-01-30 01:40:20', '2024-01-30 01:40:20', '2025-01-30 01:40:20'),
('d551c700dac82a57483030d423d7d316d39313dd5342e7eb48a22bac2d9e88b46dc636c92b8aa98b', 12, 3, 'appToken', '[]', 0, '2024-02-03 00:17:51', '2024-02-03 00:17:51', '2025-02-03 00:17:51'),
('d58145444bae55e41574b61325043c0953953475f8910bed3fe3361d10dcf3c74d40ac831d128c34', 12, 3, 'appToken', '[]', 0, '2024-01-27 21:01:50', '2024-01-27 21:01:50', '2025-01-27 21:01:50'),
('d599e36e847fcb52128535b367053ffe8e71187cb9dafdf8d39172f5fa8ae33b0d07cdfb51759c3b', 12, 3, 'appToken', '[]', 0, '2024-02-03 00:04:42', '2024-02-03 00:04:42', '2025-02-03 00:04:42'),
('d5bc71bac9a0df86b5d80beef0f1a25579a301ec0b3259cc2f3bc45eaff340491168d6612e97f2b6', 14, 3, 'appToken', '[]', 0, '2024-02-11 11:08:14', '2024-02-11 11:08:14', '2025-02-11 11:08:14'),
('d5cd8023d8fb05efc03e36587f1acbbffa141c765de0e31d7867e57dcf4af114c784a1104886b569', 12, 3, 'appToken', '[]', 0, '2024-02-01 21:40:22', '2024-02-01 21:40:22', '2025-02-01 21:40:22'),
('d68efd0dc2162832874ff372269416870c52ef8025e043a302a9c7d213fc6a429032bec393382d08', 12, 3, 'appToken', '[]', 0, '2024-02-02 17:26:33', '2024-02-02 17:26:33', '2025-02-02 17:26:33'),
('d6b819949172a2805397c38c73e6ee0bf767d27f47d65f03d03e174ac77cfdfc4dbeb4931869f821', 12, 3, 'appToken', '[]', 0, '2024-01-31 21:10:00', '2024-01-31 21:10:00', '2025-01-31 21:10:00'),
('d8d904245e7376becfdcc2d67e93abdf9bea54e14c85651a83cf9a77c015670bdffab969ca1be04b', 12, 3, 'appToken', '[]', 0, '2024-02-03 00:22:52', '2024-02-03 00:22:52', '2025-02-03 00:22:52'),
('d981625b95b6ccdd97de4c3e7f317cb67560b4f372e3d7ad91e79a5131ba4fbd3c9eb9446cd5fc6a', 14, 3, 'appToken', '[]', 0, '2024-02-04 07:32:57', '2024-02-04 07:32:57', '2025-02-04 07:32:57'),
('d98496ad696348ebfaa454cd3669949c409f5d832906253fa3504151150cea0ff07de73bb9c67874', 12, 3, 'appToken', '[]', 0, '2024-01-27 22:36:04', '2024-01-27 22:36:04', '2025-01-27 22:36:04'),
('d9fb1060552614c2014a91579fcb8f01a43619a90cbc4b291edc816af050ac1f22f9920664705fee', 12, 3, 'appToken', '[]', 0, '2024-01-30 01:56:01', '2024-01-30 01:56:01', '2025-01-30 01:56:01'),
('da04364968bc3ded135f058387494d1b02686e61bad9802b4d11c80af6383fd44a68b9e1f401328c', 1, 3, 'appToken', '[]', 0, '2024-01-26 12:19:49', '2024-01-26 12:19:49', '2025-01-26 12:19:49'),
('da7649483e0d263bb5bdd86e181114ac7ec78af65bce8d92a831da89f39f04e45aeab0e1cd9ed25a', 12, 3, 'appToken', '[]', 0, '2024-01-31 22:23:41', '2024-01-31 22:23:41', '2025-01-31 22:23:41'),
('daaf275c962e9c9821cf3f0ca393ceacc4a0c9097dd7116dada92fd8e9ac94b7a8a4a64bbb63b351', 12, 3, 'appToken', '[]', 0, '2024-02-01 21:55:27', '2024-02-01 21:55:27', '2025-02-01 21:55:27'),
('db30dbd6e5fbe92290123a9cda5436ba7feb5feebe764736d31e35559ddf9d7ceeae04babe711942', 12, 3, 'appToken', '[]', 0, '2024-01-27 22:46:56', '2024-01-27 22:46:56', '2025-01-27 22:46:56'),
('dcc2f66459694958336d13e4ae458df43214e99494d3be3710836d6144dac2604ee97eb79116baaa', 12, 3, 'appToken', '[]', 0, '2024-01-27 14:30:55', '2024-01-27 14:30:55', '2025-01-27 14:30:55'),
('dd856f90eea250503cd2393ebf3fab4d9f32ce74020f106df9cb2b0895a9c666ea707c2f7a78ff43', 12, 3, 'appToken', '[]', 0, '2024-02-03 01:05:20', '2024-02-03 01:05:20', '2025-02-03 01:05:20'),
('ddc4bb4ca103a863d1776ad9f82e30d7c43b16da0de4157880e182c445ffd327178bb35010fdb8af', 12, 3, 'appToken', '[]', 0, '2024-02-02 14:58:18', '2024-02-02 14:58:18', '2025-02-02 14:58:18'),
('dde6d5e205ba01092b5532227b5debba4196f633a33b2d93dfa6371e3baf6824bd6d99886fab11e7', 12, 3, 'appToken', '[]', 0, '2024-01-30 11:32:19', '2024-01-30 11:32:19', '2025-01-30 11:32:19'),
('ddff1b81261ff3478c98406b224d76cf667ca53acffefd2e93bbbe8a0c51d91b4aa8ae11123143ec', 12, 3, 'appToken', '[]', 0, '2024-02-02 19:52:53', '2024-02-02 19:52:53', '2025-02-02 19:52:53'),
('de2895628aba2ba1a99141d342a3c077a11a9116751b28cce05ad8bc64ef0cb50d203ea72e2f91e3', 14, 3, 'appToken', '[]', 0, '2024-02-03 02:25:44', '2024-02-03 02:25:44', '2025-02-03 02:25:44'),
('e1300cc07d28ff172ca08f8bedf31c8f834628b77be2befb8ea81075328df862b8c726ffc8d0a68c', 12, 3, 'appToken', '[]', 0, '2024-01-29 14:46:05', '2024-01-29 14:46:05', '2025-01-29 14:46:05'),
('e16e240ebe8dcf51f3f2a96de627dd8e6828e48034dbc4364f0b7667192d86f7e5b2b135bd02b268', 12, 3, 'appToken', '[]', 0, '2024-01-27 22:37:36', '2024-01-27 22:37:36', '2025-01-27 22:37:36'),
('e199baa8598c802728fc9f8634401cbc3b4133360d9084e2750be15aae321063222f9a7e2089204a', 1, 3, 'appToken', '[]', 0, '2024-01-27 00:16:54', '2024-01-27 00:16:54', '2025-01-27 00:16:54'),
('e1b60a42107d90f12ae8d0947d792ca2e1467de366c13bf1e6e9d65cbf70202df86ec3711c1189fb', 14, 3, 'appToken', '[]', 0, '2024-02-03 16:15:17', '2024-02-03 16:15:17', '2025-02-03 16:15:17'),
('e2a92ee85b20293dd22ae35b350f08ad67fa3df7f9670f5b09166c6cbebc4e14411c9ef4de4f1de8', 12, 3, 'appToken', '[]', 0, '2024-01-30 01:10:39', '2024-01-30 01:10:39', '2025-01-30 01:10:39'),
('e2ac5f565d55bef51d6989080b4b0b11bdfd2378d6a081c03b2c5d44dcd4e392a0060b339011eb59', 12, 3, 'appToken', '[]', 0, '2024-01-31 21:05:11', '2024-01-31 21:05:11', '2025-01-31 21:05:11'),
('e2c60699498d4d7d4e9d0a3ec7362a098c4c176acf4381457c163e9cbf113561276b5fcc7b318c1e', 12, 3, 'appToken', '[]', 0, '2024-01-27 22:34:00', '2024-01-27 22:34:00', '2025-01-27 22:34:00'),
('e37d743919f00d86a07e28dac51d2a366555389ba303c7b6ccfd796fb62bb3164c8220c4f347da80', 12, 3, 'appToken', '[]', 0, '2024-02-01 09:03:29', '2024-02-01 09:03:29', '2025-02-01 09:03:29'),
('e5a0c9323f2bb83eb09c8d08c8f2dceffad59379bb03c25bfc15bb073571a6e50ca26389c0de55bc', 12, 3, 'appToken', '[]', 0, '2024-02-03 00:52:00', '2024-02-03 00:52:00', '2025-02-03 00:52:00'),
('e659b6231bfcb990d290e33fde0f0a2aacaccfe6ccc13bc96e06cbd3e2a2ffbb8f7c8a99d9322adc', 12, 3, 'appToken', '[]', 0, '2024-01-27 22:04:52', '2024-01-27 22:04:52', '2025-01-27 22:04:52'),
('e7434e3817c61354f320405bed5a03a45f86e160b3c2913ba1b4def9a5c421287f716831ea3c7268', 12, 3, 'appToken', '[]', 0, '2024-02-03 00:18:18', '2024-02-03 00:18:18', '2025-02-03 00:18:18'),
('e7ced686341e1bc75958e6c9fef32b24b9225ad1c5014cb44b688c12f162949c63ddc54a3411f8b3', 1, 3, 'appToken', '[]', 0, '2024-01-26 18:11:53', '2024-01-26 18:11:53', '2025-01-26 18:11:53'),
('e89a08689091d28c23ae5ba2254f21295e69ab1d1a83e89e8a7646f2f749e377a05e82b5f839fda6', 12, 3, 'appToken', '[]', 0, '2024-02-03 00:33:38', '2024-02-03 00:33:38', '2025-02-03 00:33:38'),
('e9f41d91b2895d564c7a6fd368fd4f5c4c6ca76eaefa4cab151cabe45415609f4ad4e1ecb15e525b', 12, 3, 'appToken', '[]', 0, '2024-01-30 02:16:47', '2024-01-30 02:16:47', '2025-01-30 02:16:47'),
('ea35ba892923fc571e8316533c6096e9f57376d7d73637c1867cb67d2477ed20f4f22e35fd2aecb4', 14, 3, 'appToken', '[]', 0, '2024-02-03 19:45:09', '2024-02-03 19:45:09', '2025-02-03 19:45:09'),
('ea6eb484e5c03785a7e8ce04e31aaf84ecada444543ea6afe9fa3f81549e12df271e09c0b7553b58', 12, 3, 'appToken', '[]', 0, '2024-01-28 12:38:20', '2024-01-28 12:38:20', '2025-01-28 12:38:20'),
('eaf70c8c0d30d031c197fe4f918c2566c30410daf9bdee0a46b411546a1467a31ff0ea262f173ca5', 14, 3, 'appToken', '[]', 0, '2024-02-12 17:44:15', '2024-02-12 17:44:15', '2025-02-12 17:44:15'),
('ebf3d53d72a9f4482a42e955bbbda5b1f671ae5358b840ae23be74caac855db5b376f4eae7f02350', 14, 3, 'appToken', '[]', 0, '2024-02-10 17:05:25', '2024-02-10 17:05:25', '2025-02-10 17:05:25'),
('ec7f4fc749ca01ba8e7be49559fd4ab9238d8e1f3a5324d62bbb074e2b42926cb9a5bd694069bc22', 12, 3, 'appToken', '[]', 0, '2024-01-29 22:40:18', '2024-01-29 22:40:18', '2025-01-29 22:40:18'),
('ecb0cdd1e8f8eab364da48df09ad61d1b3ee33ade1db5f06d4580fe0c9da3f3c904cb2d3dd11c399', 12, 3, 'appToken', '[]', 0, '2024-02-01 21:06:37', '2024-02-01 21:06:37', '2025-02-01 21:06:37'),
('eeb5a3534ddb9295f6945fc51f09d0623264a6c58037873ae1c152fd66043caf0d804670fb0876ca', 12, 3, 'appToken', '[]', 0, '2024-02-02 14:17:37', '2024-02-02 14:17:37', '2025-02-02 14:17:37'),
('eebe5db49e9f23679585610e723e049a00224b541669e644ca7fa9e60c26e03668f4d3a2598cbe07', 12, 3, 'appToken', '[]', 0, '2024-02-03 01:26:19', '2024-02-03 01:26:19', '2025-02-03 01:26:19'),
('ef0ddb0ff4b49f19aae294c19b1db0d29cf8aded60283f6b3cf6a044569afb5b2ef8082f2ed67dc5', 15, 3, 'appToken', '[]', 0, '2024-02-16 13:39:22', '2024-02-16 13:39:22', '2025-02-16 13:39:22'),
('ef99b3ebf6979adcecb5944d1d5e802ebcf2951f6b891644a2fc8633269f27aeaa835cebf24fe91a', 14, 3, 'appToken', '[]', 0, '2024-02-09 19:31:53', '2024-02-09 19:31:53', '2025-02-09 19:31:53'),
('f0aba099353cfebdc2dee7393e2adf195c6793b891065d8c08ad9a757a555653fc87304af72d20d0', 12, 3, 'appToken', '[]', 0, '2024-01-27 02:16:32', '2024-01-27 02:16:32', '2025-01-27 02:16:32'),
('f0d206100e39c2a00d03b1d2d100d02667bf0072db130d0991899c225edbf1f4f583c0a9a345e541', 12, 3, 'appToken', '[]', 0, '2024-02-03 01:31:57', '2024-02-03 01:31:57', '2025-02-03 01:31:57'),
('f17023c2b25297ae47d38f89a65e37ca0784bb08f41135cbb784c2ce816fee0eeb8d5dbebc727557', 14, 3, 'appToken', '[]', 0, '2024-02-05 17:21:38', '2024-02-05 17:21:38', '2025-02-05 17:21:38'),
('f1afe88ceb4faa5851a52383ab71021a827d1a9d49527c0c4ab88325963ea86e354851c5c7f19126', 14, 3, 'appToken', '[]', 0, '2024-02-03 16:00:34', '2024-02-03 16:00:34', '2025-02-03 16:00:34'),
('f1ea03551e2ecc42b84851387c3923a32244bb29a8fd969b62984d44d5b2b9096d852269e5d0e60a', 14, 3, 'appToken', '[]', 0, '2024-02-04 07:32:38', '2024-02-04 07:32:38', '2025-02-04 07:32:38'),
('f234bceb7809a711507c5fa4953f009db2e0ab8bd6d334e4b49986f9ac741ee9d6c07151d9cf3a28', 12, 3, 'appToken', '[]', 0, '2024-02-02 20:21:18', '2024-02-02 20:21:18', '2025-02-02 20:21:18'),
('f30cc376fd9c86d566536b59b50dd3d677e69d5abdb0334de10760336142d8c44927b35a0886130d', 12, 3, 'appToken', '[]', 0, '2024-02-01 22:12:11', '2024-02-01 22:12:11', '2025-02-01 22:12:11'),
('f31e3b70a85c0ee6e9090f77ee9061ca3d8829c78fd1ded87c70b845761c516e5d5de0b7a9b7f20e', 1, 3, 'appToken', '[]', 0, '2023-12-27 16:37:37', '2023-12-27 16:37:37', '2024-12-27 18:37:37'),
('f382d0b10e908b8021c7cec27e28fbaee76e2cc067931e289a1a05bb2844d285b529d945b50fe8eb', 12, 3, 'appToken', '[]', 0, '2024-01-27 21:13:03', '2024-01-27 21:13:03', '2025-01-27 21:13:03'),
('f495fc7d1b37662ccda1e8d1262b9abd2616851e1b44abff6043029bf47d1ffe086bf5a47a7948f9', 12, 3, 'appToken', '[]', 0, '2024-01-31 17:49:42', '2024-01-31 17:49:42', '2025-01-31 17:49:42'),
('f52d5b3a7f4b06e47afa66e17edd12e468615b96094f8f5604af43e9a37c74c81845f78f2aa0430a', 12, 3, 'appToken', '[]', 0, '2024-01-30 14:11:57', '2024-01-30 14:11:57', '2025-01-30 14:11:57'),
('f597221f08badd390d94ae573a9e29a15cd9a34d906f2fc68326e99b9282ccd305dca0e7cb24b381', 1, 3, 'appToken', '[]', 0, '2024-01-27 16:42:33', '2024-01-27 16:42:33', '2025-01-27 16:42:33'),
('f602b4d33d4b823bb8ba7df9674841915d9ae197121de20a3142cb743a1dd4c305e34dbc1bb225c5', 12, 3, 'appToken', '[]', 0, '2024-01-30 02:28:16', '2024-01-30 02:28:16', '2025-01-30 02:28:16'),
('f6af81a7a64693ed3d982bb70fda32a2c859df0ba8820d05c3627db1741a93be87d4099309a6cfe9', 12, 3, 'appToken', '[]', 0, '2024-01-31 17:26:49', '2024-01-31 17:26:49', '2025-01-31 17:26:49'),
('f6d501c06f055dfba7b69711e2114cccf75bbb87bb02609a8930eb940149a95a11fefebed6025cb6', 12, 3, 'appToken', '[]', 0, '2024-01-29 15:05:31', '2024-01-29 15:05:31', '2025-01-29 15:05:31'),
('f97f871807da8587a4107f0fcb8d10d9108781808575cea8ed80537b09f078e296916a8a779891d7', 1, 3, 'appToken', '[]', 0, '2023-12-27 16:50:21', '2023-12-27 16:50:21', '2024-12-27 18:50:21'),
('f9ba6f714b4ae6780d7225ff3821c7f5542c1d309fcdd5523bf4505b53ead85e7e2b596052dd42b2', 12, 3, 'appToken', '[]', 0, '2024-01-28 12:07:08', '2024-01-28 12:07:08', '2025-01-28 12:07:08'),
('f9d71d1974d40d95c00e8e3363e8eaaca3bdb9708781f5bede2aa74714c9e117586d1c841b3322cc', 12, 3, 'appToken', '[]', 0, '2024-02-02 16:43:08', '2024-02-02 16:43:08', '2025-02-02 16:43:08'),
('fae15da639d7d78589064c11b994a899fed31ab61ca39f1fe6fdaae6afd2ad53257cdfa61365b9e6', 12, 3, 'appToken', '[]', 0, '2024-02-03 01:16:42', '2024-02-03 01:16:42', '2025-02-03 01:16:42'),
('fbf767e3952695199dc68e9ff5309d4ee40947295eb5da9079a616ecbd9f13f5dc972da777786187', 12, 3, 'appToken', '[]', 0, '2024-01-29 13:32:43', '2024-01-29 13:32:43', '2025-01-29 13:32:43'),
('ff095a18dda162f2eee8a7e1f12cc530bf3d0224249e54bacc5bca0632e70e4d08e877f363029875', 12, 3, 'appToken', '[]', 0, '2024-02-03 00:32:44', '2024-02-03 00:32:44', '2025-02-03 00:32:44');

-- --------------------------------------------------------

--
-- Table structure for table `oauth_auth_codes`
--

CREATE TABLE `oauth_auth_codes` (
  `id` varchar(100) NOT NULL,
  `user_id` bigint(20) UNSIGNED NOT NULL,
  `client_id` bigint(20) UNSIGNED NOT NULL,
  `scopes` text DEFAULT NULL,
  `revoked` tinyint(1) NOT NULL,
  `expires_at` datetime DEFAULT NULL
) ENGINE=InnoDB DEFAULT CHARSET=utf8mb4 COLLATE=utf8mb4_unicode_ci;

-- --------------------------------------------------------

--
-- Table structure for table `oauth_clients`
--

CREATE TABLE `oauth_clients` (
  `id` bigint(20) UNSIGNED NOT NULL,
  `user_id` bigint(20) UNSIGNED DEFAULT NULL,
  `name` varchar(255) NOT NULL,
  `secret` varchar(100) DEFAULT NULL,
  `provider` varchar(255) DEFAULT NULL,
  `redirect` text NOT NULL,
  `personal_access_client` tinyint(1) NOT NULL,
  `password_client` tinyint(1) NOT NULL,
  `revoked` tinyint(1) NOT NULL,
  `created_at` timestamp NULL DEFAULT NULL,
  `updated_at` timestamp NULL DEFAULT NULL
) ENGINE=InnoDB DEFAULT CHARSET=utf8mb4 COLLATE=utf8mb4_unicode_ci;

--
-- Dumping data for table `oauth_clients`
--

INSERT INTO `oauth_clients` (`id`, `user_id`, `name`, `secret`, `provider`, `redirect`, `personal_access_client`, `password_client`, `revoked`, `created_at`, `updated_at`) VALUES
(1, NULL, 'Laravel Personal Access Client', 'QL61IVa3d493MdQKzlSPgr4puiYOjIybUcEScBFt', NULL, 'http://localhost', 1, 0, 0, '2023-12-22 19:47:55', '2023-12-22 19:47:55'),
(2, NULL, 'Laravel Password Grant Client', 'dmIGPVZA2J6VrAyae3IzuV4UmapicwvgNYXmEuMy', 'users', 'http://localhost', 0, 1, 0, '2023-12-22 19:47:55', '2023-12-22 19:47:55'),
(3, NULL, 'Laravel Personal Access Client', 'VyK1D9rF6MFnw2h9kOY9kRbwKi6Ms0CiAnOmmpb5', NULL, 'http://localhost', 1, 0, 0, '2023-12-26 13:58:06', '2023-12-26 13:58:06'),
(4, NULL, 'Laravel Password Grant Client', 'J7YSqjX7yDnLmL7e6dwJRnlTrbITJoU1zvStaMJh', 'users', 'http://localhost', 0, 1, 0, '2023-12-26 13:58:06', '2023-12-26 13:58:06');

-- --------------------------------------------------------

--
-- Table structure for table `oauth_personal_access_clients`
--

CREATE TABLE `oauth_personal_access_clients` (
  `id` bigint(20) UNSIGNED NOT NULL,
  `client_id` bigint(20) UNSIGNED NOT NULL,
  `created_at` timestamp NULL DEFAULT NULL,
  `updated_at` timestamp NULL DEFAULT NULL
) ENGINE=InnoDB DEFAULT CHARSET=utf8mb4 COLLATE=utf8mb4_unicode_ci;

--
-- Dumping data for table `oauth_personal_access_clients`
--

INSERT INTO `oauth_personal_access_clients` (`id`, `client_id`, `created_at`, `updated_at`) VALUES
(1, 1, '2023-12-22 19:47:55', '2023-12-22 19:47:55'),
(2, 3, '2023-12-26 13:58:06', '2023-12-26 13:58:06');

-- --------------------------------------------------------

--
-- Table structure for table `oauth_refresh_tokens`
--

CREATE TABLE `oauth_refresh_tokens` (
  `id` varchar(100) NOT NULL,
  `access_token_id` varchar(100) NOT NULL,
  `revoked` tinyint(1) NOT NULL,
  `expires_at` datetime DEFAULT NULL
) ENGINE=InnoDB DEFAULT CHARSET=utf8mb4 COLLATE=utf8mb4_unicode_ci;

-- --------------------------------------------------------

--
-- Table structure for table `one_to_one_programs`
--

CREATE TABLE `one_to_one_programs` (
  `id` bigint(20) UNSIGNED NOT NULL,
  `name` varchar(255) NOT NULL,
  `description` text NOT NULL,
  `coach_id` bigint(10) UNSIGNED DEFAULT NULL,
  `client_id` bigint(10) UNSIGNED DEFAULT NULL,
  `created_at` timestamp NULL DEFAULT NULL,
  `updated_at` timestamp NULL DEFAULT NULL
) ENGINE=InnoDB DEFAULT CHARSET=utf8mb4 COLLATE=utf8mb4_unicode_ci;

--
-- Dumping data for table `one_to_one_programs`
--

INSERT INTO `one_to_one_programs` (`id`, `name`, `description`, `coach_id`, `client_id`, `created_at`, `updated_at`) VALUES
(8, 'Omar Lower Body Program', 'Omar Lower Body Program description', 12, 13, '2024-01-27 02:20:29', '2024-01-27 02:20:29'),
(9, 'Omar Legs Program', 'Omar Legs Program description', 12, 13, '2024-01-30 01:07:57', '2024-01-30 01:07:57'),
(10, 'Omar Upper Body Program', 'Omar Upper Body Program description', 12, 13, '2024-01-30 01:12:10', '2024-01-30 01:12:10'),
(11, 'honda gym', 'body building', 12, 13, '2024-01-30 08:55:37', '2024-01-30 08:55:37'),
(12, 'Hitmax', 'Advanced level program', 14, 17, '2024-01-30 15:38:55', '2024-01-30 15:38:55'),
(13, 'Hitmax', 'Advanced level program', 14, 18, '2024-01-30 15:38:55', '2024-01-30 15:38:55'),
(14, 'Hitmax', 'Advanced level program', 14, 16, '2024-01-30 15:38:55', '2024-01-30 15:38:55'),
(15, 'Hitmax', 'Advanced level program', 14, 15, '2024-01-30 19:29:37', '2024-01-30 19:29:37'),
(16, 'perform', 'crossfit', 14, 17, '2024-02-01 09:31:31', '2024-02-01 09:31:31'),
(17, 'Honda Gym', 'body building', 12, 13, '2024-02-01 10:13:34', '2024-02-01 10:13:34'),
(18, 'Honda Gym', 'body building', 12, 13, '2024-02-01 16:04:59', '2024-02-01 16:04:59'),
(19, 'Omar Legs Program', 'Omar Legs Program description', 12, 13, '2024-02-01 16:09:01', '2024-02-01 16:09:01'),
(20, 'perform', 'crossfit', 14, 17, '2024-02-03 01:52:35', '2024-02-03 01:52:35');

-- --------------------------------------------------------

--
-- Table structure for table `one_to_one_program_exercises`
--

CREATE TABLE `one_to_one_program_exercises` (
  `id` bigint(20) UNSIGNED NOT NULL,
  `name` varchar(255) NOT NULL,
  `description` text NOT NULL,
  `arrangement` int(11) NOT NULL,
  `one_to_one_program_id` bigint(20) UNSIGNED NOT NULL,
  `date` date NOT NULL,
  `is_done` enum('0','1') NOT NULL DEFAULT '0',
  `created_at` timestamp NULL DEFAULT NULL,
  `updated_at` timestamp NULL DEFAULT NULL
) ENGINE=InnoDB DEFAULT CHARSET=utf8mb4 COLLATE=utf8mb4_unicode_ci;

--
-- Dumping data for table `one_to_one_program_exercises`
--

INSERT INTO `one_to_one_program_exercises` (`id`, `name`, `description`, `arrangement`, `one_to_one_program_id`, `date`, `is_done`, `created_at`, `updated_at`) VALUES
(7, 'Upper body exercise number two day five', 'Upper body exercise number two day five description', 1, 8, '2024-01-27', '0', '2024-01-27 02:20:29', '2024-01-27 02:20:29'),
(9, 'exercise four for program one date 2024-01-21', 'exercise four for program one date 2024-01-21 description', 1, 8, '2024-01-21', '0', '2024-01-27 02:23:46', '2024-01-27 02:24:02'),
(10, 'Warmup', '5 rounds\n1 heavy back squats\n12 cals row\n\nrest 90 sec', 1, 9, '2024-03-12', '0', '2024-01-30 01:07:57', '2024-01-30 01:07:57'),
(11, 'Rest Day!', 'Have some rest \nand do some mobility work', 2, 9, '2024-03-12', '0', '2024-01-30 01:07:57', '2024-01-30 01:07:57'),
(12, 'Rest Day!', 'Have some rest \nand do some mobility work', 1, 9, '2024-03-13', '0', '2024-01-30 01:07:57', '2024-01-30 01:07:57'),
(13, 'Rest Day!', 'Have some rest \nand do some mobility work', 1, 9, '2024-03-16', '0', '2024-01-30 01:07:57', '2024-01-30 01:07:57'),
(14, 'Rest Day!', 'Have some rest and \ndo some mobility work', 1, 10, '2024-01-31', '0', '2024-01-30 01:12:10', '2024-01-30 01:12:10'),
(15, 'warmup', '3 sets\n100m run\n10 cal bike\n12cal row', 1, 9, '2024-01-30', '0', '2024-01-30 01:40:55', '2024-01-30 15:08:14'),
(17, 'Rest Day!', 'Have some rest \nand do some mobility work', 1, 9, '2024-02-16', '0', '2024-01-30 02:17:09', '2024-01-30 02:17:09'),
(18, 'Rest Day!', 'Have some rest \nand do some mobility work', 1, 9, '2024-02-01', '0', '2024-01-30 06:04:09', '2024-01-30 06:04:09'),
(19, 'Rest Day!', 'Have some rest \nand do some mobility work', 1, 11, '2024-02-04', '0', '2024-01-30 08:55:37', '2024-01-30 08:55:37'),
(20, 'warmup', 'to be announced', 1, 12, '2024-01-31', '0', '2024-01-30 15:38:55', '2024-01-30 15:38:55'),
(21, 'Rest Day!', 'Have some rest \nand do some mobility work', 1, 12, '2024-02-04', '0', '2024-01-30 15:38:55', '2024-01-30 15:38:55'),
(22, 'warmup', 'to be announced', 1, 13, '2024-01-31', '0', '2024-01-30 15:38:55', '2024-01-30 15:38:55'),
(23, 'Rest Day!', 'Have some rest \nand do some mobility work', 1, 13, '2024-02-04', '0', '2024-01-30 15:38:55', '2024-01-30 15:38:55'),
(24, 'warmup', 'to be announced', 1, 14, '2024-01-31', '0', '2024-01-30 15:38:55', '2024-01-30 15:38:55'),
(25, 'Rest Day!', 'Have some rest \nand do some mobility work', 1, 14, '2024-02-04', '0', '2024-01-30 15:38:55', '2024-01-30 15:38:55'),
(26, 'Rest Day!', 'Have some rest \nand do some mobility work', 1, 14, '2024-02-03', '0', '2024-01-30 15:39:37', '2024-01-30 15:39:37'),
(27, 'warmup', 'to be announced', 1, 15, '2024-01-30', '1', '2024-01-30 19:29:37', '2024-02-17 15:21:16'),
(28, 'leg day', 'A) back squat \n3 sets of 15 rep \nb)', 1, 15, '2024-01-31', '0', '2024-01-30 19:29:37', '2024-01-30 19:31:00'),
(29, 'warmup', 'to be announced', 1, 15, '2024-02-01', '0', '2024-01-30 19:29:37', '2024-01-30 19:29:37'),
(30, 'Rest Day!', 'Have some rest \nand do some mobility work', 1, 15, '2024-02-05', '0', '2024-01-30 19:29:37', '2024-01-30 19:29:37'),
(31, 'GGGG', 'HJHJJH', 1, 16, '2024-02-01', '0', '2024-02-01 09:31:31', '2024-02-01 09:31:31'),
(32, '3 SETS OF', '12 BACK SQUAT \n12 AIR SQUAT \n20 SITUPS', 2, 16, '2024-02-01', '0', '2024-02-01 09:31:31', '2024-02-01 09:31:31'),
(33, 'back squat', '3 sets of 12 reps \n\nhttps://youtu.be/QmZAiBqPvZw?si=4_s9OwM97nUOhurk', 1, 17, '2024-02-13', '0', '2024-02-01 10:13:34', '2024-02-01 10:13:34'),
(34, 'lunges', '12 reos in and out', 2, 17, '2024-02-13', '0', '2024-02-01 10:13:34', '2024-02-01 10:13:34'),
(35, 'fyuryrtyutyu', 'fufyutyu', 3, 17, '2024-02-13', '0', '2024-02-01 10:13:34', '2024-02-01 10:13:34'),
(36, 'Rest Day!', 'Have some rest \nand do some mobility work', 1, 17, '2024-02-14', '0', '2024-02-01 10:13:34', '2024-02-01 10:13:34'),
(37, 'Rest Day!', 'Have some rest \nand do some mobility work', 2, 17, '2024-02-14', '0', '2024-02-01 10:13:34', '2024-02-01 10:13:34'),
(38, 'Rest Day!', 'Have some rest \nand do some mobility work', 1, 18, '2024-02-18', '0', '2024-02-01 16:04:59', '2024-02-01 16:04:59'),
(39, 'back squat', '3 sets of 12 reps \n\nhttps://youtu.be/QmZAiBqPvZw?si=4_s9OwM97nUOhurk', 1, 18, '2024-02-19', '0', '2024-02-01 16:04:59', '2024-02-01 16:04:59'),
(40, 'lunges', '12 reos in and out', 2, 18, '2024-02-19', '0', '2024-02-01 16:04:59', '2024-02-01 16:04:59'),
(41, 'fyuryrtyutyu', 'fufyutyu', 3, 18, '2024-02-19', '0', '2024-02-01 16:04:59', '2024-02-01 16:04:59'),
(42, 'Rest Day!', 'Have some rest \nand do some mobility work', 1, 18, '2024-02-20', '0', '2024-02-01 16:04:59', '2024-02-01 16:04:59'),
(43, 'Rest Day!', 'Have some rest \nand do some mobility work', 2, 18, '2024-02-20', '0', '2024-02-01 16:04:59', '2024-02-01 16:04:59'),
(44, 'Rest Day!', 'Have some rest \nand do some mobility work', 1, 19, '2024-02-25', '0', '2024-02-01 16:09:01', '2024-02-01 16:09:01'),
(45, 'Rest Day!', 'Have some rest \nand do some mobility work', 1, 19, '2024-02-28', '0', '2024-02-01 16:09:01', '2024-02-01 16:09:01'),
(46, 'Rest Day!', 'Have some rest \nand do some mobility work', 1, 17, '2024-02-03', '0', '2024-02-03 00:11:06', '2024-02-03 00:11:06'),
(48, 'Rest Day!', 'Have some rest \nand do some mobility work', 2, 18, '2024-02-02', '0', '2024-02-03 01:23:15', '2024-02-03 01:26:47'),
(49, 'warmup', '3 sets \n\n11cal bike\n100m run', 1, 18, '2024-02-02', '0', '2024-02-03 01:23:43', '2024-02-03 01:26:47'),
(50, 'GGGG', 'HJHJJH', 1, 20, '2024-02-05', '0', '2024-02-03 01:52:35', '2024-02-03 01:52:35'),
(51, '3 SETS OF', '12 BACK SQUAT \n12 AIR SQUAT \n20 SITUPS', 2, 20, '2024-02-05', '0', '2024-02-03 01:52:35', '2024-02-03 01:52:35'),
(52, 'Rest Day!', 'Have some rest \nand do some mobility work', 1, 15, '2024-01-28', '0', '2024-02-03 12:33:54', '2024-02-17 13:29:13'),
(53, 'warmup', 'to be announced', 1, 12, '2024-02-01', '0', '2024-02-03 14:26:09', '2024-02-03 14:26:09'),
(54, 'warmup', 'to be announced', 1, 15, '2024-02-02', '0', '2024-02-03 14:28:52', '2024-02-03 14:28:52'),
(55, 'leg day', 'A) back squat \r\n3 sets of 15 rep \r\nb)', 1, 15, '2024-02-03', '0', '2024-02-03 14:28:58', '2024-02-03 14:28:58'),
(56, 'Rest Day!', 'Have some rest \nand do some mobility work', 1, 15, '2024-01-21', '0', '2024-02-04 16:20:14', '2024-02-04 16:20:14'),
(57, 'exercise four for program one date 2024-01-21', 'exercise four for program one date 2024-01-21 description', 2, 15, '2024-01-21', '0', '2024-02-06 17:55:38', '2024-02-06 17:55:38');

-- --------------------------------------------------------

--
-- Table structure for table `password_reset_tokens`
--

CREATE TABLE `password_reset_tokens` (
  `email` varchar(255) NOT NULL,
  `token` varchar(255) NOT NULL,
  `created_at` timestamp NULL DEFAULT NULL
) ENGINE=InnoDB DEFAULT CHARSET=utf8mb4 COLLATE=utf8mb4_unicode_ci;

-- --------------------------------------------------------

--
-- Table structure for table `pending_clients`
--

CREATE TABLE `pending_clients` (
  `id` bigint(20) UNSIGNED NOT NULL,
  `coach_id` bigint(20) UNSIGNED NOT NULL,
  `email` varchar(255) NOT NULL,
  `created_at` timestamp NULL DEFAULT NULL,
  `updated_at` timestamp NULL DEFAULT NULL
) ENGINE=InnoDB DEFAULT CHARSET=utf8mb4 COLLATE=utf8mb4_unicode_ci;

--
-- Dumping data for table `pending_clients`
--

INSERT INTO `pending_clients` (`id`, `coach_id`, `email`, `created_at`, `updated_at`) VALUES
(2, 12, 'eslam.ramadan2@gmail.com', '2024-01-27 14:29:30', '2024-01-27 14:29:30'),
(3, 12, 'honda7007@gmail.com', '2024-01-30 06:01:45', '2024-01-30 06:01:45');

-- --------------------------------------------------------

--
-- Table structure for table `personal_access_tokens`
--

CREATE TABLE `personal_access_tokens` (
  `id` bigint(20) UNSIGNED NOT NULL,
  `tokenable_type` varchar(255) NOT NULL,
  `tokenable_id` bigint(20) UNSIGNED NOT NULL,
  `name` varchar(255) NOT NULL,
  `token` varchar(64) NOT NULL,
  `abilities` text DEFAULT NULL,
  `last_used_at` timestamp NULL DEFAULT NULL,
  `expires_at` timestamp NULL DEFAULT NULL,
  `created_at` timestamp NULL DEFAULT NULL,
  `updated_at` timestamp NULL DEFAULT NULL
) ENGINE=InnoDB DEFAULT CHARSET=utf8mb4 COLLATE=utf8mb4_unicode_ci;

--
-- Dumping data for table `personal_access_tokens`
--

INSERT INTO `personal_access_tokens` (`id`, `tokenable_type`, `tokenable_id`, `name`, `token`, `abilities`, `last_used_at`, `expires_at`, `created_at`, `updated_at`) VALUES
(1, 'App\\Models\\User', 1, 'appToken', '862006904c9112357242ddb0c3fbb6fc8c4895106f2469c288fcff6645ec7e36', '[\"*\"]', NULL, NULL, '2023-12-22 20:55:49', '2023-12-22 20:55:49');

-- --------------------------------------------------------

--
-- Table structure for table `programs`
--

CREATE TABLE `programs` (
  `id` bigint(20) UNSIGNED NOT NULL,
  `name` varchar(200) NOT NULL,
  `description` text NOT NULL,
  `program_type_id` bigint(20) UNSIGNED NOT NULL,
  `coach_id` bigint(20) UNSIGNED NOT NULL,
  `created_at` timestamp NULL DEFAULT NULL,
  `updated_at` timestamp NULL DEFAULT NULL
) ENGINE=InnoDB DEFAULT CHARSET=utf8mb4 COLLATE=utf8mb4_unicode_ci;

--
-- Dumping data for table `programs`
--

INSERT INTO `programs` (`id`, `name`, `description`, `program_type_id`, `coach_id`, `created_at`, `updated_at`) VALUES
(5, 'Omar Upper Body Program', 'Omar Upper Body Program description', 1, 12, '2024-01-26 02:27:31', '2024-01-26 02:31:15'),
(7, 'Omar Legs Program', 'Omar Legs Program description', 1, 12, '2024-01-26 02:32:40', '2024-01-26 02:32:40'),
(8, 'HitMax', 'Advanced level', 1, 1, '2024-01-26 12:34:24', '2024-01-26 12:34:24'),
(9, 'Strongman', 'Body Building', 1, 1, '2024-01-26 12:56:40', '2024-01-26 12:56:40'),
(10, 'Perform', 'beginners', 1, 1, '2024-01-26 13:09:47', '2024-01-26 13:09:47'),
(13, 'Honda Gym', 'body building', 1, 12, '2024-01-30 06:05:29', '2024-01-31 22:39:27'),
(17, 'perform', 'crossfit', 1, 14, '2024-01-30 19:23:56', '2024-01-30 19:23:56'),
(18, 'honda', '111', 1, 14, '2024-02-01 09:02:37', '2024-02-01 09:02:37'),
(19, 'fyfy', 'dtrt', 1, 12, '2024-02-02 14:28:24', '2024-02-02 14:28:24'),
(20, 'honad', 'aaa', 1, 12, '2024-02-02 17:06:57', '2024-02-02 17:06:57'),
(21, 'go do it', 'upper body more', 1, 14, '2024-02-03 14:21:19', '2024-02-03 14:21:19'),
(22, 'ghhghggh', 'ggg', 1, 14, '2024-02-04 16:19:47', '2024-02-04 16:19:47');

-- --------------------------------------------------------

--
-- Table structure for table `program_clients`
--

CREATE TABLE `program_clients` (
  `id` bigint(20) UNSIGNED NOT NULL,
  `program_id` bigint(20) UNSIGNED NOT NULL,
  `client_id` bigint(20) UNSIGNED NOT NULL,
  `created_at` timestamp NULL DEFAULT NULL,
  `updated_at` timestamp NULL DEFAULT NULL
) ENGINE=InnoDB DEFAULT CHARSET=utf8mb4 COLLATE=utf8mb4_unicode_ci;

--
-- Dumping data for table `program_clients`
--

INSERT INTO `program_clients` (`id`, `program_id`, `client_id`, `created_at`, `updated_at`) VALUES
(2, 5, 1, '2024-01-26 02:56:34', '2024-01-26 02:56:34'),
(3, 5, 1, '2024-01-26 02:57:17', '2024-01-26 02:57:17'),
(4, 5, 13, '2024-01-26 03:12:05', '2024-01-26 03:12:05'),
(5, 5, 13, '2024-01-26 03:13:56', '2024-01-26 03:13:56'),
(8, 7, 13, '2024-01-30 01:07:57', '2024-01-30 01:07:57'),
(9, 5, 13, '2024-01-30 01:12:10', '2024-01-30 01:12:10'),
(10, 13, 13, '2024-01-30 08:55:37', '2024-01-30 08:55:37'),
(15, 17, 17, '2024-02-01 09:31:31', '2024-02-01 09:31:31'),
(16, 13, 13, '2024-02-01 10:13:34', '2024-02-01 10:13:34'),
(17, 13, 13, '2024-02-01 16:04:59', '2024-02-01 16:04:59'),
(18, 7, 13, '2024-02-01 16:09:01', '2024-02-01 16:09:01'),
(19, 17, 17, '2024-02-03 01:52:35', '2024-02-03 01:52:35');

-- --------------------------------------------------------

--
-- Table structure for table `program_exercises`
--

CREATE TABLE `program_exercises` (
  `id` bigint(20) UNSIGNED NOT NULL,
  `name` varchar(255) NOT NULL,
  `description` text NOT NULL,
  `day` int(11) NOT NULL,
  `arrangement` int(11) NOT NULL,
  `program_id` bigint(20) UNSIGNED DEFAULT NULL,
  `created_at` timestamp NULL DEFAULT NULL,
  `updated_at` timestamp NULL DEFAULT NULL
) ENGINE=InnoDB DEFAULT CHARSET=utf8mb4 COLLATE=utf8mb4_unicode_ci;

--
-- Dumping data for table `program_exercises`
--

INSERT INTO `program_exercises` (`id`, `name`, `description`, `day`, `arrangement`, `program_id`, `created_at`, `updated_at`) VALUES
(3, 'Warmup', '3 sets of:\n10 laps run\n8 burpees', 3, 1, 5, '2024-01-26 02:50:59', '2024-02-02 18:51:07'),
(6, 'Warm-up', '3 sets:\n8 burpees\n8 pullups\n8 lunges', 1, 1, 8, '2024-01-26 18:22:26', '2024-01-26 18:22:26'),
(7, 'Warmup', '5 mins on bike\nthen, 3 sets:\n200m run\n10 sit-ups\n8 squats', 2, 1, 8, '2024-01-26 19:51:06', '2024-01-26 19:51:06'),
(8, 'Strength', '5x4 Back Squats\n\n4 reps @70%\n4 reps @75%\n4 reps @75%\n4 reps @80%\n4 reps @80+%\n\nrest 2 mins bet. sets', 1, 2, 8, '2024-01-26 19:55:33', '2024-01-26 19:55:33'),
(10, 'Rest Day!', 'Have some rest and \ndo some mobility work', 4, 1, 5, '2024-01-27 19:53:48', '2024-01-27 19:53:48'),
(11, 'Warmup', '5 mins on bike\nthen, 3 sets:\n5 laps run\n10 kb swings\n15 sit-ups', 2, 1, 7, '2024-01-27 21:58:32', '2024-01-27 21:58:32'),
(14, 'Weightlifting', 'Every 30 Sec x 18 Sets\n1 Split Jerk @ 80%', 2, 2, 7, '2024-01-27 22:02:14', '2024-02-01 10:12:40'),
(18, 'Rest Day!', 'Have some rest \nand do some mobility work', 4, 1, 7, '2024-01-28 08:33:37', '2024-01-28 08:33:37'),
(20, 'Warmup', '5 rounds\n1 heavy back squats\n12 cals row\n\nrest 90 sec', 3, 1, 7, '2024-01-29 22:34:24', '2024-01-29 22:34:24'),
(30, 'Rest Day!', 'Have some rest \nand do some mobility work', 5, 1, 5, '2024-01-30 06:03:01', '2024-01-30 06:03:01'),
(32, 'Rest Day!', 'Have some rest \nand do some mobility work', 3, 1, 13, '2024-01-30 08:54:49', '2024-01-30 08:54:49'),
(42, 'Strength', '3 sets\n\n2 push jerk@50%\n2 push jerk@60%\n2 push jerk@75%\n\nrest 3 min', 2, 1, 13, '2024-01-31 22:56:46', '2024-02-02 17:21:15'),
(44, 'back squat', '3 sets of 12 reps \n\nhttps://youtu.be/QmZAiBqPvZw?si=4_s9OwM97nUOhurk', 4, 1, 13, '2024-02-01 09:05:13', '2024-02-02 17:30:23'),
(45, 'Rest Day!', 'Have some rest \nand do some mobility work', 5, 1, 13, '2024-02-01 09:05:37', '2024-02-01 09:05:37'),
(46, 'lunges', '12 reos in and out', 4, 4, 13, '2024-02-01 09:06:21', '2024-02-02 20:02:36'),
(47, 'Rest Day!', 'Have some rest \nand do some mobility work', 5, 2, 13, '2024-02-01 09:08:27', '2024-02-01 09:08:27'),
(48, 'fyuryrtyutyu', 'fufyutyu', 4, 2, 13, '2024-02-01 09:08:49', '2024-02-02 20:02:36'),
(50, '3 SETS OF', '12 BACK SQUAT \n12 AIR SQUAT \n20 SITUPS', 2, 1, 17, '2024-02-01 09:21:01', '2024-02-03 19:49:34'),
(51, 'YUOYYIO', 'GYITI', 2, 1, 18, '2024-02-01 09:37:02', '2024-02-04 20:22:59'),
(52, 'GT786789', 'GUI', 2, 2, 18, '2024-02-01 09:37:14', '2024-02-04 20:22:59'),
(53, 'Rest Day!', 'Have some rest \nand do some mobility work', 7, 1, 7, '2024-02-01 10:11:42', '2024-02-01 10:11:42'),
(54, 'Rest Day!', 'Have some rest \nand do some mobility work', 5, 1, 7, '2024-02-01 22:12:33', '2024-02-01 22:12:33'),
(55, 'back squat', '3 sets og 20 reps', 2, 1, 20, '2024-02-02 17:07:24', '2024-02-02 17:07:24'),
(56, 'Rest Day!', 'Have some rest \nand do some mobility work', 2, 2, 20, '2024-02-02 17:07:40', '2024-02-02 17:07:40'),
(57, 'Rest Day!', 'Have some rest \nand do some mobility work', 2, 2, 13, '2024-02-02 17:08:08', '2024-02-02 17:21:15'),
(58, 'test 3', 'test 3\ntest 3 \ntest 3', 3, 2, 5, '2024-02-02 17:31:35', '2024-02-02 18:51:46'),
(59, 'test 4', 'dfshlshflwhegw\ndvjkbejvblre\nvjkebrkjbve', 3, 3, 5, '2024-02-02 17:31:49', '2024-02-02 18:50:18'),
(60, 'back squat', '3 sets of', 1, 1, 18, '2024-02-02 19:25:33', '2024-02-02 19:25:33'),
(61, 'lunges', '12 reos in and out', 4, 3, 13, '2024-02-02 19:47:50', '2024-02-02 20:02:36'),
(64, 'Strength', '3 sets\n\n2 push jerk@50%\n2 push jerk@60%\n2 push jerk@75%\n\nrest 3 min', 6, 1, 13, '2024-02-02 19:58:36', '2024-02-02 19:58:36'),
(65, 'back squat', '3 sets of 12 reps \n\nhttps://youtu.be/QmZAiBqPvZw?si=4_s9OwM97nUOhurk', 7, 1, 13, '2024-02-02 19:58:45', '2024-02-02 19:58:45'),
(66, 'Strength', '3 sets\n\n2 push jerk@50%\n2 push jerk@60%\n2 push jerk@75%\n\nrest 3 min', 3, 1, 19, '2024-02-02 20:05:59', '2024-02-02 20:05:59'),
(67, 'Weightlifting', 'Every 30 Sec x 18 Sets\n1 Split Jerk @ 80%', 3, 2, 7, '2024-02-03 01:27:54', '2024-02-03 01:27:54'),
(68, 'week1', 'a back squat', 8, 1, 18, '2024-02-03 06:50:27', '2024-02-03 06:50:27'),
(69, 'gguuggu', 'aaacvvavavav', 1, 1, 21, '2024-02-03 14:21:39', '2024-02-03 14:21:39'),
(70, 'gguuggu', 'aaacvvavavav', 2, 1, 21, '2024-02-03 14:21:53', '2024-02-03 14:21:53'),
(71, '1', '123', 3, 1, 21, '2024-02-03 16:37:40', '2024-02-03 16:37:40'),
(72, 'Rest Day!', 'Have some rest \nand do some mobility work', 7, 1, 18, '2024-02-03 19:46:38', '2024-02-03 19:46:38'),
(73, '1', '123', 3, 2, 21, '2024-02-04 12:04:22', '2024-02-04 12:04:22'),
(75, 'hahahaah', 'hahaha', 1, 1, 22, '2024-02-05 17:22:02', '2024-02-05 17:22:02'),
(76, 'YUOYYIO', 'GYITI', 6, 1, 18, '2024-02-06 17:16:01', '2024-02-06 17:16:01'),
(77, 'GT786789', 'GUI', 6, 2, 18, '2024-02-06 17:16:09', '2024-02-06 17:16:09'),
(78, 'Upper body exercise number two day five', 'Upper body exercise number two day five description', 1, 1, 17, '2024-02-06 17:56:16', '2024-02-06 17:56:16');

-- --------------------------------------------------------

--
-- Table structure for table `program_types`
--

CREATE TABLE `program_types` (
  `id` bigint(20) UNSIGNED NOT NULL,
  `name` varchar(200) NOT NULL,
  `created_at` timestamp NULL DEFAULT NULL,
  `updated_at` timestamp NULL DEFAULT NULL
) ENGINE=InnoDB DEFAULT CHARSET=utf8mb4 COLLATE=utf8mb4_unicode_ci;

--
-- Dumping data for table `program_types`
--

INSERT INTO `program_types` (`id`, `name`, `created_at`, `updated_at`) VALUES
(1, 'One to one', NULL, NULL),
(2, 'One two many', NULL, NULL);

-- --------------------------------------------------------

--
-- Table structure for table `users`
--

CREATE TABLE `users` (
  `id` bigint(20) UNSIGNED NOT NULL,
  `name` varchar(255) NOT NULL,
  `phone` varchar(255) NOT NULL,
  `user_type` enum('0','1') NOT NULL DEFAULT '0',
  `email` varchar(255) NOT NULL,
  `email_verified_at` timestamp NULL DEFAULT NULL,
  `password` varchar(255) NOT NULL,
  `remember_token` varchar(100) DEFAULT NULL,
  `created_at` timestamp NULL DEFAULT NULL,
  `updated_at` timestamp NULL DEFAULT NULL
) ENGINE=InnoDB DEFAULT CHARSET=utf8mb4 COLLATE=utf8mb4_unicode_ci;

--
-- Dumping data for table `users`
--

INSERT INTO `users` (`id`, `name`, `phone`, `user_type`, `email`, `email_verified_at`, `password`, `remember_token`, `created_at`, `updated_at`) VALUES
(1, 'Coach', '01100002233', '0', 'coach@train.com', NULL, '$2y$10$4vk9LduInuCC7IO.wNHsne2fmHaS1/FZQfyuKUt8mNHQ9/fakz.Mq', NULL, NULL, NULL),
(11, 'coach Register', '+20138764371', '0', 'coach3@gmail.com', NULL, '$2y$12$GYv2TdgN8UnVTLwOwonz2uAMPQe9b4OoC8srA6tg5WMI351fFJyNu', NULL, '2024-01-26 02:05:19', '2024-01-26 02:05:19'),
(12, 'Omar Nabil', '+201134583944', '0', 'omar_nabil@gmail.com', NULL, '$2y$12$dlGtRxPYXxn8f0ZGpMfubuAJEeIyHA2YAsFyXtd5XiYQFp3qoOOqy', NULL, '2024-01-26 02:14:12', '2024-01-26 02:14:12'),
(13, 'Islam', '+201128438911', '1', 'eslam.ramadan@gmail.com', NULL, '$2y$12$kp5xqWAzNHkyno8o1a2wy.oDTSDVE.JK41iIDccx3vblMg9m.MsQe', NULL, '2024-01-26 02:25:13', '2024-01-26 02:25:13'),
(14, 'Coach Honda', '+201140066441', '0', 'honda@gmail.com', NULL, '$2y$12$LCrigL4oi2Hj/qzFCWH87OSkdMnyM.LWQCHTP6amPYsK/45Jc3jOK', NULL, '2024-01-30 08:03:46', '2024-01-30 08:03:46'),
(15, 'Hassan Said', '+201185768393', '1', 'hassan_said@gmail.com', NULL, '$2y$12$t8LZ58pq5dnmgtU5RIKvSulEjN0IYowsbf2UQieqPPJTQuP6zagFS', NULL, '2024-01-30 08:05:56', '2024-01-30 08:05:56'),
(16, 'Hossam Adel', '+201185768394', '1', 'hossam_adel@gmail.com', NULL, '$2y$12$NvX9K0jCnKvBEjZWszyCX./lRShCMIVTK/6Z6xzhzRwTNik3HMUZ2', NULL, '2024-01-30 08:07:17', '2024-01-30 08:07:17'),
(17, 'Omar Nabil', '+201185768397', '1', 'omar.nabil@gmail.com', NULL, '$2y$12$U/4ChBH/utXNKqEIKn3zGe/j10nkK2v7G/G2k9g6YhNc4TScNlEpC', NULL, '2024-01-30 08:08:53', '2024-01-30 08:08:53'),
(18, 'Ahmed Ashraf', '+201185768399', '1', 'ahmed.ashraf@gmail.com', NULL, '$2y$12$M.WP3GGwDIKOL69HvLtuUe4bcvcehdX0rHN8L.AN9Ac5DGlzF5kiK', NULL, '2024-01-30 08:10:42', '2024-01-30 08:10:42'),
(19, 'Ahmed Sami', '+201185768323', '1', 'ahmed.sami@gmail.com', NULL, '$2y$12$xzpaiN.X1b8ZCUTBg7bsHeQ8HPPSsICCp7vi0ASb.xpfDo8DC7I5G', NULL, '2024-01-30 08:12:50', '2024-01-30 08:12:50'),
(20, 'Ahmed Samir', '+20118576837', '1', 'ahmed.samir@gmail.com', NULL, '$2y$12$HqtQOznUS.gMwnW9WtCr3OFgqIvOSIT0oHd4gG5JEBCLxDDbUPzSu', NULL, '2024-01-30 08:13:16', '2024-01-30 08:13:16'),
(21, 'Mohamed Salah', '+20118576831', '1', 'mohamed.salah@gmail.com', NULL, '$2y$12$dNi1kWuMZKCBc3JExmruY..sL6hYOwWr1UwAuvcOAyumOyyM3ZsRa', NULL, '2024-01-30 08:13:58', '2024-01-30 08:13:58');

--
-- Indexes for dumped tables
--

--
-- Indexes for table `coaches`
--
ALTER TABLE `coaches`
  ADD PRIMARY KEY (`id`),
  ADD KEY `coaches_user_id_foreign` (`user_id`);

--
-- Indexes for table `coach_clients`
--
ALTER TABLE `coach_clients`
  ADD PRIMARY KEY (`id`),
  ADD KEY `client_id_index` (`client_id`),
  ADD KEY `coach_id_index` (`coach_id`) USING BTREE;

--
-- Indexes for table `exercise_logs`
--
ALTER TABLE `exercise_logs`
  ADD PRIMARY KEY (`id`),
  ADD KEY `exercise_logs_oto_exercise_id_foreign` (`oto_exercise_id`),
  ADD KEY `exercise_logs_client_id_foreign` (`client_id`);

--
-- Indexes for table `failed_jobs`
--
ALTER TABLE `failed_jobs`
  ADD PRIMARY KEY (`id`),
  ADD UNIQUE KEY `failed_jobs_uuid_unique` (`uuid`);

--
-- Indexes for table `migrations`
--
ALTER TABLE `migrations`
  ADD PRIMARY KEY (`id`);

--
-- Indexes for table `oauth_access_tokens`
--
ALTER TABLE `oauth_access_tokens`
  ADD PRIMARY KEY (`id`),
  ADD KEY `oauth_access_tokens_user_id_index` (`user_id`);

--
-- Indexes for table `oauth_auth_codes`
--
ALTER TABLE `oauth_auth_codes`
  ADD PRIMARY KEY (`id`),
  ADD KEY `oauth_auth_codes_user_id_index` (`user_id`);

--
-- Indexes for table `oauth_clients`
--
ALTER TABLE `oauth_clients`
  ADD PRIMARY KEY (`id`),
  ADD KEY `oauth_clients_user_id_index` (`user_id`);

--
-- Indexes for table `oauth_personal_access_clients`
--
ALTER TABLE `oauth_personal_access_clients`
  ADD PRIMARY KEY (`id`);

--
-- Indexes for table `oauth_refresh_tokens`
--
ALTER TABLE `oauth_refresh_tokens`
  ADD PRIMARY KEY (`id`),
  ADD KEY `oauth_refresh_tokens_access_token_id_index` (`access_token_id`);

--
-- Indexes for table `one_to_one_programs`
--
ALTER TABLE `one_to_one_programs`
  ADD PRIMARY KEY (`id`),
  ADD KEY `one_to_one_program_coach_id` (`coach_id`),
  ADD KEY `one_to_one_program_client_id` (`client_id`);

--
-- Indexes for table `one_to_one_program_exercises`
--
ALTER TABLE `one_to_one_program_exercises`
  ADD PRIMARY KEY (`id`),
  ADD KEY `one_to_one_program_exercises_one_to_one_program_id_foreign` (`one_to_one_program_id`);

--
-- Indexes for table `password_reset_tokens`
--
ALTER TABLE `password_reset_tokens`
  ADD PRIMARY KEY (`email`);

--
-- Indexes for table `pending_clients`
--
ALTER TABLE `pending_clients`
  ADD PRIMARY KEY (`id`),
  ADD UNIQUE KEY `pending_clients_email_unique` (`email`),
  ADD KEY `pending_clients_coach_id_foreign` (`coach_id`);

--
-- Indexes for table `personal_access_tokens`
--
ALTER TABLE `personal_access_tokens`
  ADD PRIMARY KEY (`id`),
  ADD UNIQUE KEY `personal_access_tokens_token_unique` (`token`),
  ADD KEY `personal_access_tokens_tokenable_type_tokenable_id_index` (`tokenable_type`,`tokenable_id`);

--
-- Indexes for table `programs`
--
ALTER TABLE `programs`
  ADD PRIMARY KEY (`id`),
  ADD KEY `program_type_id` (`program_type_id`),
  ADD KEY `coach_id` (`coach_id`) USING BTREE;

--
-- Indexes for table `program_clients`
--
ALTER TABLE `program_clients`
  ADD PRIMARY KEY (`id`),
  ADD KEY `program_id` (`program_id`) USING BTREE,
  ADD KEY `client_id` (`client_id`);

--
-- Indexes for table `program_exercises`
--
ALTER TABLE `program_exercises`
  ADD PRIMARY KEY (`id`),
  ADD KEY `program_exercises_program_id_foreign` (`program_id`);

--
-- Indexes for table `program_types`
--
ALTER TABLE `program_types`
  ADD PRIMARY KEY (`id`);

--
-- Indexes for table `users`
--
ALTER TABLE `users`
  ADD PRIMARY KEY (`id`),
  ADD UNIQUE KEY `users_phone_unique` (`phone`),
  ADD UNIQUE KEY `users_email_unique` (`email`);

--
-- AUTO_INCREMENT for dumped tables
--

--
-- AUTO_INCREMENT for table `coaches`
--
ALTER TABLE `coaches`
  MODIFY `id` bigint(20) UNSIGNED NOT NULL AUTO_INCREMENT, AUTO_INCREMENT=5;

--
-- AUTO_INCREMENT for table `coach_clients`
--
ALTER TABLE `coach_clients`
  MODIFY `id` int(11) NOT NULL AUTO_INCREMENT, AUTO_INCREMENT=13;

--
-- AUTO_INCREMENT for table `exercise_logs`
--
ALTER TABLE `exercise_logs`
  MODIFY `id` bigint(20) UNSIGNED NOT NULL AUTO_INCREMENT, AUTO_INCREMENT=2;

--
-- AUTO_INCREMENT for table `failed_jobs`
--
ALTER TABLE `failed_jobs`
  MODIFY `id` bigint(20) UNSIGNED NOT NULL AUTO_INCREMENT;

--
-- AUTO_INCREMENT for table `migrations`
--
ALTER TABLE `migrations`
  MODIFY `id` int(10) UNSIGNED NOT NULL AUTO_INCREMENT, AUTO_INCREMENT=14;

--
-- AUTO_INCREMENT for table `oauth_clients`
--
ALTER TABLE `oauth_clients`
  MODIFY `id` bigint(20) UNSIGNED NOT NULL AUTO_INCREMENT, AUTO_INCREMENT=5;

--
-- AUTO_INCREMENT for table `oauth_personal_access_clients`
--
ALTER TABLE `oauth_personal_access_clients`
  MODIFY `id` bigint(20) UNSIGNED NOT NULL AUTO_INCREMENT, AUTO_INCREMENT=3;

--
-- AUTO_INCREMENT for table `one_to_one_programs`
--
ALTER TABLE `one_to_one_programs`
  MODIFY `id` bigint(20) UNSIGNED NOT NULL AUTO_INCREMENT, AUTO_INCREMENT=21;

--
-- AUTO_INCREMENT for table `one_to_one_program_exercises`
--
ALTER TABLE `one_to_one_program_exercises`
  MODIFY `id` bigint(20) UNSIGNED NOT NULL AUTO_INCREMENT, AUTO_INCREMENT=58;

--
-- AUTO_INCREMENT for table `pending_clients`
--
ALTER TABLE `pending_clients`
  MODIFY `id` bigint(20) UNSIGNED NOT NULL AUTO_INCREMENT, AUTO_INCREMENT=11;

--
-- AUTO_INCREMENT for table `personal_access_tokens`
--
ALTER TABLE `personal_access_tokens`
  MODIFY `id` bigint(20) UNSIGNED NOT NULL AUTO_INCREMENT, AUTO_INCREMENT=2;

--
-- AUTO_INCREMENT for table `programs`
--
ALTER TABLE `programs`
  MODIFY `id` bigint(20) UNSIGNED NOT NULL AUTO_INCREMENT, AUTO_INCREMENT=23;

--
-- AUTO_INCREMENT for table `program_clients`
--
ALTER TABLE `program_clients`
  MODIFY `id` bigint(20) UNSIGNED NOT NULL AUTO_INCREMENT, AUTO_INCREMENT=20;

--
-- AUTO_INCREMENT for table `program_exercises`
--
ALTER TABLE `program_exercises`
  MODIFY `id` bigint(20) UNSIGNED NOT NULL AUTO_INCREMENT, AUTO_INCREMENT=79;

--
-- AUTO_INCREMENT for table `program_types`
--
ALTER TABLE `program_types`
  MODIFY `id` bigint(20) UNSIGNED NOT NULL AUTO_INCREMENT, AUTO_INCREMENT=3;

--
-- AUTO_INCREMENT for table `users`
--
ALTER TABLE `users`
  MODIFY `id` bigint(20) UNSIGNED NOT NULL AUTO_INCREMENT, AUTO_INCREMENT=22;

--
-- Constraints for dumped tables
--

--
-- Constraints for table `coaches`
--
ALTER TABLE `coaches`
  ADD CONSTRAINT `coaches_user_id_foreign` FOREIGN KEY (`user_id`) REFERENCES `users` (`id`);

--
-- Constraints for table `coach_clients`
--
ALTER TABLE `coach_clients`
  ADD CONSTRAINT `clients_id` FOREIGN KEY (`client_id`) REFERENCES `users` (`id`),
  ADD CONSTRAINT `coaches_id` FOREIGN KEY (`coach_id`) REFERENCES `users` (`id`);

--
-- Constraints for table `exercise_logs`
--
ALTER TABLE `exercise_logs`
  ADD CONSTRAINT `exercise_logs_client_id_foreign` FOREIGN KEY (`client_id`) REFERENCES `users` (`id`),
  ADD CONSTRAINT `exercise_logs_oto_exercise_id_foreign` FOREIGN KEY (`oto_exercise_id`) REFERENCES `one_to_one_program_exercises` (`id`);

--
-- Constraints for table `one_to_one_program_exercises`
--
ALTER TABLE `one_to_one_program_exercises`
  ADD CONSTRAINT `one_to_one_program_exercises_one_to_one_program_id_foreign` FOREIGN KEY (`one_to_one_program_id`) REFERENCES `one_to_one_programs` (`id`) ON DELETE CASCADE ON UPDATE CASCADE;

--
-- Constraints for table `pending_clients`
--
ALTER TABLE `pending_clients`
  ADD CONSTRAINT `pending_clients_coach_id_foreign` FOREIGN KEY (`coach_id`) REFERENCES `users` (`id`);

--
-- Constraints for table `programs`
--
ALTER TABLE `programs`
  ADD CONSTRAINT `coach_id` FOREIGN KEY (`coach_id`) REFERENCES `users` (`id`),
  ADD CONSTRAINT `program_type_id` FOREIGN KEY (`program_type_id`) REFERENCES `program_types` (`id`);

--
-- Constraints for table `program_clients`
--
ALTER TABLE `program_clients`
  ADD CONSTRAINT ` program_clients_client_id` FOREIGN KEY (`client_id`) REFERENCES `users` (`id`) ON DELETE NO ACTION ON UPDATE NO ACTION,
  ADD CONSTRAINT `program_clients_program_id` FOREIGN KEY (`program_id`) REFERENCES `programs` (`id`) ON DELETE NO ACTION ON UPDATE NO ACTION;

--
-- Constraints for table `program_exercises`
--
ALTER TABLE `program_exercises`
  ADD CONSTRAINT `program_exercises_program_id_foreign` FOREIGN KEY (`program_id`) REFERENCES `programs` (`id`) ON DELETE NO ACTION ON UPDATE NO ACTION;
COMMIT;

/*!40101 SET CHARACTER_SET_CLIENT=@OLD_CHARACTER_SET_CLIENT */;
/*!40101 SET CHARACTER_SET_RESULTS=@OLD_CHARACTER_SET_RESULTS */;
/*!40101 SET COLLATION_CONNECTION=@OLD_COLLATION_CONNECTION */;
